kelurahan,rainfall_mm,temperature_c,humidity_pct,wind_speed_kmh,rainfall_anomaly_z,poverty_rate,unemployment_rate,water_access,electricity_access,population_density,health_access_index,education_index,road_damage_ratio,drainage_quality,building_density,green_space_ratio,flood_count,landslide_count,total_disasters,avg_damage_idr,rainfall_risk,temp_deviation,humidity_risk,flood_freq_norm,climate_score,road_vulnerability,drainage_vulnerability,density_risk,green_deficit,infra_score,infra_index,poverty_vulnerability,unemployment_vulnerability,water_deficit,electricity_deficit,health_deficit,education_deficit,pop_density_risk,sosek_score,slope_index,soil_permeability_inv,health_facility_norm,bpbd_post_proximity,rth_ratio,kerawanan_score,kerentanan_score,kapasitas_score,flood_infra_interaction,cascading_score,n_dimensions_critical,uss_bnpb_raw,uss_linear_norm,ussScore,ussZone,ussLabel
Ancol,143.34621771759447,25.81310721726766,76.25855037418224,1.848737650760773,-0.5289765892824566,0.1046452150589912,0.0119737086366271,0.9571506855236284,0.9012728614956173,30882.90689622632,0.6333734702867708,0.766569265074123,0.0795399081703326,0.7063360475256403,0.7559188617251482,0.4365046305850169,2.0,0.0,10.0,346829116.5441464,0.37075561394829853,0.08131072172676604,0.40646375935455586,0.2857142856734694,0.28606109517577244,0.0795399081703326,0.2936639524743597,0.7559188617251482,0.5634953694149831,0.4231545229462059,0.5768454770537941,1.0,0.17851026421380461,0.042849314476371636,0.09872713850438275,0.3666265297132292,0.23343073492587696,0.5798048592438686,0.357135548725362,0.44888011966031505,0.33446720464028296,0.6333734702867708,0.10251706064373892,0.4365046305850169,0.05566364578438089,0.02484424074866892,0.3907983871718422,0.15688691494991996,0.0013829210168157886,1,0.0034504156231119306,26.12694535781703,70.86092715231787,MERAH,1
Antapani Kidul,89.93385616213479,22.536982697904097,88.94905246025878,1.5996464776063817,-1.0821608820739137,0.0320158267619885,0.0216168910887222,0.9115304112630858,0.989734823955746,22484.450274077688,0.4707372383890547,0.8214997048357788,0.1797050604970441,0.6383184281243338,0.5682500256359724,0.3566061018608966,6.0,2.0,6.0,19917593.415640153,0.25309730764670996,0.24630173020959029,0.7237263115064696,0.8571428570204082,0.5200670515957945,0.1797050604970441,0.3616815718756662,0.5682500256359724,0.6433938981391034,0.43825763903694653,0.5617423609630534,0.3059463994024032,0.3222758342327463,0.08846958873691424,0.010265176044254032,0.5292627616109453,0.17850029516422117,0.39520615256177327,0.2614180296790368,0.3552240499657492,0.4213231577707264,0.4707372383890547,0.5445388728410738,0.3566061018608966,0.03787958543042502,0.010697026013135907,0.4572940710303417,0.11092182849585483,0.0004051989107160604,1,0.0008671175943290549,55.380536612041396,33.77483443708609,HIJAU,0
Antapani Kulon,269.21652285920226,21.62827569764112,76.00828681216741,1.0618283346888444,0.7746444022909412,0.0303485281298287,0.0251805148836617,0.5004370293890739,0.919023063860646,26049.8663884028,0.3585651263917698,0.6867049854467431,0.388566276965553,0.816052279392858,0.6749798097197341,0.4354326272278744,2.0,0.0,8.0,29445064.538996637,0.684524713813412,0.33717243023588817,0.4002071703041853,0.2857142856734694,0.4269046500067387,0.388566276965553,0.18394772060714204,0.6749798097197341,0.5645673727721257,0.45301529501613874,0.5469847049838612,0.2900135291682515,0.3754041877361307,0.49956297061092614,0.08097693613935397,0.6414348736082303,0.3132950145532569,0.4735742662640184,0.38203739686859545,0.48572465435078593,0.3425882328258156,0.3585651263917698,0.46268167953050976,0.4354326272278744,0.11390734310798947,0.06861144923821323,0.4188931443833846,0.3101001651740208,0.007815347889513557,2,0.01822213292951932,56.85664706807025,97.35099337748345,MERAH,1
Antapani Tengah,115.04303463760762,26.82632750430992,85.77256760763484,10.50041090768406,-0.8221086632049445,0.0479997086415772,0.0199556331274489,0.725265636561811,0.9498124917704307,25504.00520606941,0.8019986691417395,0.3906783192276899,0.0846273352675952,0.82818315600057,0.5216808702603234,0.310778683346731,3.0,2.0,5.0,78578614.22231828,0.3053162326438374,0.18263275043099192,0.644314190190871,0.4285714285102041,0.39020865044397607,0.0846273352675952,0.17181684399942998,0.5216808702603234,0.689221316653269,0.3668365915451544,0.6331634084548456,0.4586899517050878,0.2975089381445082,0.274734363438189,0.0501875082295693,0.19800133085826055,0.6093216807723101,0.46157619652094656,0.3357171385241245,0.2491728906884025,0.2641752214696947,0.8019986691417395,0.4868141987710042,0.310778683346731,0.02009753370224818,0.058166859235493217,0.5331971837531582,0.1120011661264727,0.0011690104138392507,2,0.00215209218457671,32.1518286746942,57.615894039735096,KUNING,0
Antapani Wetan,365.54783841007657,24.520466122039178,83.16300759668118,22.289018122089924,1.7723342462674057,0.0135539226572576,0.0158885368223698,0.9197611111661732,0.9904010438017564,6081.400839891957,0.4310546613001058,0.5749049011971806,0.6434052833138456,0.5630089821227521,0.8783987371831019,0.3073097752184185,3.0,0.0,5.0,10864096.851185927,0.8547477172538374,0.04795338779608223,0.5790751899170296,0.4285714285102041,0.4775869308692883,0.6434052833138456,0.4369910178772479,0.8783987371831019,0.6926902247815815,0.6628713157889442,0.3371286842110558,0.12952262222039398,0.23687455509448163,0.0802388888338268,0.00959895619824358,0.5689453386998942,0.42509509880281937,0.03466589529501691,0.21213447930638238,0.6535418848427081,0.7925656095590977,0.4310546613001058,0.060890066092736346,0.3073097752184185,0.4427377969838908,0.0003602740279009703,0.26641816753708686,0.5665877440036476,0.00015950692942338842,2,0.0005770493699622239,76.44826536643156,29.80132450331126,HIJAU,0
Arjuna,83.48510932084173,25.824261349042093,75.84474532444354,1.8014381845361835,-1.1489496432689743,0.0060062294430136,0.0216168910887222,0.8029386191537612,0.884498002071721,23660.423500209978,0.684377848017214,0.4068563612201955,0.1277686636684437,0.6486522948482548,0.8385020944229126,0.1034275024114713,4.0,1.0,8.0,632252805.4052483,0.24068098728888057,0.08242613490420929,0.3961186331110884,0.5714285713469388,0.3226635816627793,0.1277686636684437,0.3513477051517452,0.8385020944229126,0.8965724975885287,0.5535477402079075,0.44645225979209247,0.05739612116643588,0.3222758342327463,0.1970613808462388,0.11550199792827898,0.315622151982786,0.5931436387798046,0.4210541323041815,0.28886503674863884,0.1983733084932746,0.4046871248006295,0.684377848017214,0.4180505385334149,0.1034275024114713,0.01932165878722481,0.004762357560262569,0.40195196298736674,0.13322841662476795,9.201664780215378e-05,2,0.00022336742161603836,43.67443348300394,13.90728476821192,HIJAU,0
Babakan,139.89118786346927,28.78788817865065,79.20315029180966,4.433156400558644,-0.5647598460186916,0.0143394329023799,0.0099202488998248,0.8282750684158955,0.784531111336587,9874.651021378642,0.6054821625377488,0.7814635978269433,0.1293500551476645,0.4702682253020386,0.8093877598654046,0.1055064964164986,1.0,2.0,4.0,10031408.105047803,0.3624468401173005,0.378788817865065,0.4800787572952416,0.1428571428367347,0.34104288952858547,0.1293500551476645,0.5297317746979614,0.8093877598654046,0.8944935035835014,0.590740773323633,0.40925922667636705,0.13702903562572252,0.14789622045398865,0.1717249315841045,0.21546888866341296,0.3945178374622512,0.2185364021730567,0.11804181888762115,0.20045930497859396,0.5822335264109395,0.6903468841685781,0.6054821625377488,0.5851868715992765,0.1055064964164986,0.14568300679780866,0.002777677661472046,0.432058510184508,0.21411212661960125,0.00040466043363835335,1,0.0009154001660763293,42.03591231632689,36.423841059602644,HIJAU,0
Babakan Ciamis,165.2022550914082,25.08614494659736,78.48430149673807,2.612384949049164,2.006916399941558,0.0133518641798549,0.0304670695197501,0.8999979409288934,0.649525178638103,23880.1747415326,0.6447521520033741,0.8095469540998402,0.2821998798435655,0.6626701064085576,0.6666689302620546,0.3754336266656979,7.0,1.0,4.0,7135251256.240565,0.881521345183577,0.008614494659736138,0.46210753741845173,0.9999999998571428,0.5880608442797269,0.2821998798435655,0.3373298935914424,0.6666689302620546,0.6245663733343021,0.47769126925784117,0.5223087307421588,0.1275917314740871,0.45421888863691096,0.1000020590711066,0.350474821361897,0.3552478479966259,0.19045304590015977,0.4258842810761546,0.28626752507384884,0.2760953911538614,0.39962181192585766,0.6447521520033741,0.48012488576358187,0.3754336266656979,0.09726154732467152,0.005434043171519336,0.5001035548108846,0.4210950502586225,0.000528523447091036,2,0.0010361101037356627,75.2639980409215,38.41059602649007,HIJAU,0
Babakan Ciparay,165.2022550914082,24.354342174686256,81.30345163420499,1.0,0.0704826998637597,0.0054650512625747,0.0082647978230636,0.886957461233297,0.9695815725973504,22256.48266011396,0.974490834481022,0.6876527961497247,0.0159337914497912,0.6566780098069911,0.4311313476748801,0.1447491182750342,4.0,2.0,3.0,93829359.2313703,0.5176133839060981,0.06456578253137443,0.5325862908551248,0.5714285713469388,0.421548507159884,0.0159337914497912,0.3433219901930089,0.4311313476748801,0.8552508817249658,0.41140950276066146,0.5885904972393385,0.05222456907842284,0.12321589641455945,0.113042538766703,0.03041842740264955,0.025509165518977972,0.31234720385027526,0.39019540730268293,0.149564744047753,0.30707108048180265,0.5975166724465053,0.974490834481022,0.4301266449656238,0.1447491182750342,0.09497175037508528,0.002303556777239374,0.5164555325738934,0.2129510648950712,0.00021877281922281374,1,0.0004155580209276398,22.33429411356328,21.192052980132452,HIJAU,0
Babakan Surabaya,189.7828242742424,25.85919549786935,71.2822252625538,1.0,-0.0480392068190021,0.0197035192592489,0.0216168910887222,0.8431693127584494,0.9601511781290494,26818.28667574144,0.6995128125096605,0.4976734426569754,0.3025553098306243,0.6389244421861305,0.6482442475247842,0.1258605785999885,4.0,1.0,5.0,1570026601.9773777,0.48799250741275546,0.08591954978693508,0.28205563156384483,0.5714285713469388,0.35684906502761854,0.3025553098306243,0.36107555781386946,0.6482442475247842,0.8741394214000116,0.5465036341423224,0.4534963658576776,0.1882887741034458,0.3222758342327463,0.15683068724155058,0.039848821870950624,0.30048718749033954,0.5023265573430247,0.49046420183347866,0.28578886630221945,0.491662755878344,0.627401587077105,0.6995128125096605,0.40012316587107144,0.1258605785999885,0.1505310455139134,0.014483141971303239,0.4084988523269068,0.26668967873529503,0.002180162503266717,2,0.005209482633332771,47.96598971994379,81.45695364238411,MERAH,1
Babakan Tarogong,156.09992152007038,23.069392581480063,71.53361371715879,4.433156400558644,-0.3968882783936228,0.0428649924681774,0.007893519799393,0.8852826988573463,0.9498124917704307,14403.394536125114,0.8047192178414989,0.3722912915460973,0.0875528691864707,0.5123554270140237,0.4503123088737679,0.091933400389429,5.0,0.0,2.0,218612265.6867707,0.40206019349505323,0.1930607418519937,0.28834034292896965,0.7142857141836735,0.39943674811492247,0.0875528691864707,0.4876445729859763,0.4503123088737679,0.908066599610571,0.4833940876641965,0.5166059123358036,0.4096220973315722,0.1176806908977424,0.11471730114265366,0.0501875082295693,0.1952807821585011,0.6277087084539027,0.21758394112855808,0.24754014704892846,0.6299912673538964,0.5317831696732014,0.8047192178414989,0.40914951890724166,0.091933400389429,0.13469770466364936,0.010224430730876831,0.43526737904605656,0.19435352042063156,0.001377207350941588,1,0.003092989551339074,40.953572496671946,70.19867549668875,MERAH,1
Balonggede,399.2574343671519,25.447665841823575,82.3767790493603,1.0284497079468202,2.121459775578408,0.0101794666686134,0.0446787822169695,0.5657167425208317,0.8905454533246773,15695.359774374903,0.618633275643012,0.7358165682891376,0.2221509190021975,0.7680301678405393,0.4669265939705503,0.3324338341377166,4.0,0.0,5.0,7489866.193433998,0.8929715252543774,0.0447665841823575,0.5594194762340073,0.5714285713469388,0.5171465392544202,0.2221509190021975,0.23196983215946065,0.4669265939705503,0.6675661658622833,0.39715337774862297,0.6028466222513771,0.09727598784975475,0.6660944791912801,0.4342832574791683,0.10945454667532273,0.38136672435698804,0.26418343171086245,0.24598143400006622,0.3140914087519204,0.1682465733358948,0.5973696805723618,0.618633275643012,0.5614100811729816,0.3324338341377166,0.0897484619158056,0.010391567561114876,0.5041590636512367,0.3546466574881157,0.0009326272055042393,2,0.001813888485950832,54.867936166280074,55.62913907284768,KUNING,0
Batununggal,377.2184205219637,24.761481154572184,78.48430149673807,13.12748146581314,1.8932048186221868,0.0182391723218566,0.0095458378226755,0.8896125497944035,0.9724702108335382,16541.068666676645,0.7990573272941285,0.7100314055654361,0.152292841121347,0.7051974239790044,0.4124841019437281,0.3271349314605195,4.0,1.0,8.0,42919505.650015175,0.8691205102820175,0.023851884542781577,0.46210753741845173,0.5714285713469388,0.4816271258975474,0.152292841121347,0.2948025760209956,0.4124841019437281,0.6728650685394806,0.3831111469063878,0.6168888530936122,0.17429533028886898,0.14231430574946283,0.11038745020559648,0.02752978916646176,0.20094267270587152,0.2899685944345639,0.2645701789054973,0.1728583316366175,0.44603587916476783,0.6052898700190453,0.7990573272941285,0.46554212168475,0.3271349314605195,0.23464602389846584,0.005090334764527281,0.5305781268131327,0.33296975549400876,0.0011944268128084598,1,0.0022095359644866835,30.636810093286993,58.94039735099338,KUNING,0
Braga,161.2447363961056,23.071297163947264,88.2213191663074,1.5584945398648635,-0.3436041565937023,0.0152579462813754,0.0618448319076229,0.7195680278754676,0.8320836519203952,11785.52670104226,0.5750998284246671,0.7124363814309673,0.1863985723509345,0.1382328686419305,0.4314944014910685,0.2224827438347116,4.0,1.0,6.0,124119109.12633702,0.4149342508596511,0.19287028360527358,0.7055329791576849,0.5714285713469388,0.47119152124238706,0.1863985723509345,0.8617671313580695,0.4314944014910685,0.7775172561652884,0.5642943403413402,0.4357056596586598,0.14580644010119434,0.9220148593157986,0.2804319721245324,0.16791634807960476,0.4249001715753329,0.2875636185690327,0.16004300969759744,0.34123948849472757,0.38023307065636097,0.6453937028764111,0.5750998284246671,0.33149314694960635,0.2224827438347116,0.10182487737121897,0.006543964621753151,0.3763585730696617,0.23414504937387498,0.0006663383951316099,3,0.001724663153809368,75.59154961448836,54.3046357615894,KUNING,0
Buah Batu,203.1063974899197,23.513998130682335,61.46046319968099,4.626199048911043,0.0899511611806738,0.0239662991728127,0.0109195923473727,0.8510656157182922,0.9498124917704307,4950.099885034527,0.5862654940722986,0.6358881097970439,0.1851029330337154,0.4820733053044775,0.385863099515874,0.276930197208092,1.0,1.0,8.0,46599707.82437918,0.5224726397649024,0.1486001869317665,0.03651157999202468,0.1428571428367347,0.21261038738135707,0.1851029330337154,0.5179266946955225,0.385863099515874,0.723069802791908,0.452990632509255,0.547009367490745,0.22902431954774313,0.16279495135482358,0.1489343842817078,0.0501875082295693,0.41373450592770145,0.3641118902029561,0.009799815426943118,0.19694105356734923,0.21262635973725816,0.32395250925236657,0.5862654940722986,0.3074022576744612,0.276930197208092,0.03598835575131549,0.0003342677452579202,0.3901993163182839,0.23667521155588328,1.2029746532532133e-05,0,3.005938801495781e-05,0.0,3.9735099337748347,HIJAU,0
Burangrang,69.64144593439104,26.426752258488644,78.16803073306207,12.851953950608957,-1.2923265117889156,0.0228623619490626,0.0392179880361965,0.8803894137592139,0.9762482995046768,13826.94097657868,0.5260712162248392,0.8333686657026937,0.4365609916533659,0.4449967869260176,0.6495615145681032,0.391031981724546,0.0,0.0,8.0,220851787.1551194,0.21545928489134575,0.14267522584886444,0.4542007683265517,0.0,0.2030838197666905,0.4365609916533659,0.5550032130739824,0.6495615145681032,0.608968018275454,0.5625234343927263,0.43747656560727366,0.2184749865168178,0.5846821247061295,0.11961058624078613,0.023751700495323158,0.4739287837751608,0.16663133429730626,0.20491344863903,0.25599899495293627,0.45421111077657506,0.31895533799914716,0.5260712162248392,0.2604381521131636,0.391031981724546,0.0312142455544209,0.0053547820959799815,0.39251378335418297,0.12120089690888067,0.00016714548323433577,1,0.0004152540612187182,21.73513872914859,20.52980132450331,HIJAU,0
Campaka,217.19987499362475,24.663748278772644,78.19608139407154,4.433156400558644,0.2359153192672673,0.0137044959877418,0.0419847510163608,0.7214796255821104,0.8991150616879635,16541.068666676645,0.7393763548700588,0.5918301658811128,0.4220781732681007,0.365720862502127,0.7879591284580527,0.3139658585095765,6.0,1.0,3.0,147329705.9105959,0.5587067997294558,0.033625172122735594,0.45490203485178854,0.8571428570204082,0.476094215931097,0.4220781732681007,0.634279137497873,0.7879591284580527,0.6860341414904235,0.6325876451786124,0.36741235482138757,0.1309615158229282,0.6259304635119775,0.27852037441788957,0.10088493831203649,0.2606236451299412,0.4081698341188872,0.2645701789054973,0.2956658500313082,0.2181801985121444,0.8655936589978399,0.7393763548700588,0.2820404344960507,0.3139658585095765,0.10551479410690635,0.00965031644363155,0.44512754929189535,0.3534310187861351,0.001018251152616276,3,0.0022372874465641764,81.38651717711129,59.60264900662252,KUNING,0
Caringin,273.40419067936546,24.62856003819093,79.46673604590681,5.947298800901621,0.8180154870750727,0.0431508485087971,0.0320685333083519,0.7814795147053756,0.977387637831547,19668.564858492977,0.9472531371350624,0.3266149098468923,0.1858264858537202,0.8648289751363047,0.5644564553299274,0.3128999280154056,1.0,0.0,7.0,53911219.280330606,0.6938149207919576,0.037143996180907024,0.48666840114767035,0.1428571428367347,0.34012111523931743,0.1858264858537202,0.13517102486369525,0.5644564553299274,0.6871000719845943,0.3931385095079843,0.6068614904920158,0.4123537658599283,0.47809434215827523,0.21852048529462442,0.02261236216845297,0.05274686286493757,0.6733850901531078,0.3333127798543334,0.31300366976480853,0.40385225186793444,0.19193791005115213,0.9472531371350624,0.3341621019569494,0.3128999280154056,0.05378075635907305,0.030034062981947305,0.5314383890358059,0.27276536383455036,0.001615254623705163,1,0.0029832657905576486,25.33638256184329,68.21192052980133,KUNING,0
Cibadak,217.1737670159408,20.765469614816503,89.60914886236033,1.6519339636366432,0.2356449226259144,0.0210620137836084,0.0091945463791821,0.8521131291762583,0.9877270883454596,6366.42718483899,0.8173536880173121,0.4704622379736147,0.3737010222714217,0.4562705045625924,0.7757668272231535,0.2624734884517043,1.0,1.0,5.0,32589375.579571236,0.5586401314300933,0.4234530385183497,0.7402287215590082,0.1428571428367347,0.46629475858604646,0.3737010222714217,0.5437294954374077,0.7757668272231535,0.7375265115482956,0.6076809641200696,0.39231903587993044,0.20127068181507585,0.1370770705454734,0.14788687082374175,0.012272911654540364,0.18264631198268788,0.5295377620263853,0.04093079574217622,0.17880320065572583,0.27355529164645837,0.3349714603923774,0.8173536880173121,0.5616540212212942,0.2624734884517043,0.05118999157311752,0.0012183170593150336,0.5471603992301035,0.33947497366360146,6.23656399997219e-05,2,0.00011193480384804825,62.45926928883042,6.622516556291391,HIJAU,0
Cibaduyut,229.70507771761984,28.766066749312532,78.5927582433582,13.48082626051207,0.3654299395467728,0.0232762893445169,0.0308172275825349,0.7957613141681626,0.9637188228048869,29688.656274739904,0.6802257554878302,0.785902946512765,0.0406293571739403,0.7947000888449729,0.8489140312496816,0.408853675274997,2.0,0.0,4.0,113203115.75388074,0.5903542308766374,0.3766066749312532,0.4648189560839551,0.2857142856734694,0.4293735368913288,0.0406293571739403,0.2052999111550271,0.8489140312496816,0.5911463247250031,0.421497406075913,0.578502593924087,0.2224305175482267,0.45943922681292965,0.20423868583183735,0.036281177195113146,0.31977424451216985,0.21409705348723496,0.5535551409802432,0.2871165780525364,0.31405891342186826,0.5573125475068192,0.6802257554878302,0.2539125078454986,0.408853675274997,0.10332909479933575,0.02514741032918752,0.4476639795361086,0.24883277698044334,0.002598459145862412,2,0.005677657106631438,41.20270513837953,82.78145695364239,MERAH,1
Cibaduyut Kidul,114.46715007047467,20.595824400954996,91.02892436457032,8.753709112127751,-0.8280730184163905,0.004452632663819,0.0599549514543663,0.8252710879199929,0.9755632823934894,22201.40501976732,0.4628367616428397,0.5302694033289479,0.4384009709406226,0.5460697415364557,0.8007331741099118,0.2657668509193646,4.0,0.0,4.0,41440462.42460212,0.30405267439908545,0.44041755990450043,0.7757231091142579,0.5714285713469388,0.5229054786911956,0.4384009709406226,0.4539302584635443,0.8007331741099118,0.7342331490806354,0.6068243881486786,0.39317561185132144,0.04254979705769573,0.8938395404332796,0.17472891208000707,0.02443671760651056,0.5371632383571603,0.4697305966710521,0.388984796635447,0.3616333712630218,0.33865243426851066,0.5738498129491529,0.4628367616428397,0.2927696219372986,0.2657668509193646,0.05908826987501742,0.002891977390259665,0.34045774483316765,0.18450657810719442,0.00017088194050811164,3,0.0004875964164794203,92.73120488324945,25.165562913907287,HIJAU,0
Cibaduyut Wetan,393.4551965361207,24.196429809928834,66.95918833428087,5.923007650768355,2.061366816988025,0.0557704372200526,0.0503324366353879,0.8253375382024271,0.9498124917704307,18031.217911744152,0.6171530345331859,0.7780337037623528,0.4435268238961161,0.5576088919835475,0.684859957982511,0.5847174830486593,3.0,1.0,5.0,1002352791.840122,0.8870911433769898,0.08035701900711664,0.17397970835702167,0.4285714285102041,0.392499824812833,0.4435268238961161,0.44239110801645254,0.684859957982511,0.41528251695134066,0.49651510171160507,0.5034848982883949,0.5329478007055877,0.7503820942179396,0.17466246179757294,0.0501875082295693,0.38284696546681407,0.2219662962376472,0.29732377111639413,0.34433098539593215,0.4921531377585852,0.6850377206484582,0.6171530345331859,0.3969234768419976,0.5847174830486593,0.2990769806958251,0.02767667308961735,0.5329313314746144,0.4404541492812901,0.008277455823348151,2,0.015245861388891271,53.44306191557118,96.02649006622516,MERAH,1
Cibangkong,162.41650528332363,24.93291717916395,61.008834205521545,27.91247731301372,-0.331468311551208,0.0820327251333429,0.0433834853584483,0.5966895920602575,0.955030513558235,16666.575029084393,0.7998335429238363,0.6730206905507028,0.2207946848752721,0.6266000484649851,0.3009564674287315,0.2905284128585995,3.0,2.0,7.0,3052605.172351205,0.4178834032872401,0.006708282083604899,0.025220855138038623,0.4285714285102041,0.21959599225477194,0.2207946848752721,0.37339995153501493,0.3009564674287315,0.7094715871414006,0.4011556727451048,0.5988443272548952,0.7839128151927341,0.646783521202656,0.4033104079397425,0.044969486441765016,0.20016645707616365,0.3269793094492972,0.2673288181678285,0.38192154506716963,0.22610678414025354,0.6025281174849716,0.7998335429238363,0.25265974546792974,0.2905284128585995,0.05693063587522066,0.08451873189179256,0.4476739004167885,0.16763629777470673,0.004811705149967042,1,0.010513392058374272,15.084778991273733,91.3907284768212,MERAH,1
Cibiru Hilir,167.22783167207757,23.5315318542675,69.45903656493924,3.283068811043386,-0.281638082962866,0.0165419018843776,0.0036334930230873,0.6107903964483763,0.915998801819678,11803.028250099102,0.6211414274470136,0.4998227423786495,0.2703666863748113,0.589261411798475,0.8196789341354417,0.2732091886148063,2.0,1.0,8.0,356692516.6852196,0.43005222403427334,0.14684681457325013,0.23647591412348098,0.2857142856734694,0.2747723096011185,0.2703666863748113,0.410738588201525,0.8196789341354417,0.7267908113851937,0.556893755024243,0.443106244975757,0.1580760465258971,0.05417000022751845,0.3892096035516237,0.08400119818032203,0.3788585725529864,0.5001772576213506,0.16042769505898943,0.2464171962455268,0.4097327454832453,0.7101903882356299,0.6211414274470136,0.29602248379613744,0.2732091886148063,0.12514014734340387,0.009870268280678423,0.3967910332859858,0.23949339789897348,0.0012351668269630234,1,0.003036366895763569,31.531377069207096,68.87417218543047,KUNING,0
Cibuntu,165.2022550914082,22.914958523134597,81.93535337205205,2.6278002464852066,0.4130950278820566,0.0292342068295865,0.0169425296685586,0.7582913165350661,0.9932064003206372,20234.18312150741,0.6769778925765141,0.8117198123102005,0.3457640572822913,0.6708270735662394,0.7673785611825775,0.3620264286000214,4.0,2.0,6.0,59111164.965925775,0.6018297757647111,0.20850414768654027,0.5483838343013012,0.5714285713469388,0.48253658227487284,0.3457640572822913,0.3291729264337606,0.7673785611825775,0.6379735713999786,0.520072279074652,0.47992772092534797,0.27936496487781526,0.25258802760015825,0.2417086834649339,0.006793599679362772,0.3230221074234859,0.18828018768979948,0.34574511171312733,0.23392895463552615,0.2977232579133688,0.3453349459674289,0.6769778925765141,0.3503732254142557,0.3620264286000214,0.06187667412496221,0.023346417186194037,0.46312584886359703,0.31299498309694007,0.0014445986482155455,2,0.003053307384674359,58.428372027646716,69.5364238410596,MERAH,0
Cicadas,218.73238781984705,23.97068633352409,83.02676407411424,3.68250050400281,0.2517873383894201,0.008933262813905,0.0495562980658034,0.6888039036571698,0.8666067836855262,26002.754599548407,0.5051172278145287,0.7447819407903097,0.1860621232060169,0.6769660992445398,0.4206954079226868,0.3617788293097118,2.0,1.0,4.0,29774172.893952537,0.5626163767801134,0.1029313666475911,0.575669101852856,0.2857142856734694,0.38173278273850747,0.1860621232060169,0.32303390075546023,0.4206954079226868,0.6382211706902883,0.392003150643613,0.607996849356387,0.08536714085655125,0.7388110175091546,0.3111960963428302,0.13339321631447376,0.4948827721854713,0.2552180592096903,0.47253874561025144,0.355915292575489,0.29755822140899113,0.141127076694882,0.5051172278145287,0.26419617543206875,0.3617788293097118,0.023626243158731696,0.012553426980835359,0.3770307441854364,0.22054739230149856,0.00029659031832459927,1,0.0007663223730425281,36.8303577948034,31.788079470198678,HIJAU,0
Cicaheum,243.08922254093383,24.761481154572184,70.28061231535916,1.0,0.5040476391408211,0.0223158880837183,0.0009478493725259,0.850381901097156,0.9473564779664309,16541.068666676645,0.919168868061254,0.4382252311261223,0.0990454947431122,0.4547956095420578,0.6300614239147702,0.5074312880035344,2.0,1.0,2.0,465520176.2292993,0.6234100688743094,0.023851884542781577,0.2570153078839791,0.2857142856734694,0.29749788674363487,0.0990454947431122,0.5452043904579422,0.6300614239147702,0.49256871199646557,0.44172000527807254,0.5582799947219275,0.21325282834134612,0.014131030498513105,0.14961809890284405,0.052643522033569146,0.08083113193874603,0.5617747688738777,0.2645701789054973,0.19097450849919903,0.4516165524880143,0.68931879665719,0.919168868061254,0.6261673264187446,0.5074312880035344,0.19407240364296663,0.008441503852610456,0.684255827494511,0.27537269891356353,0.0016382629430374742,0,0.0023597395630797595,11.554911945226896,61.58940397350994,KUNING,0
Cigending,457.6657399633637,22.358215003877778,72.58270630790311,2.3274929750591777,2.7263863559326333,0.0247780929696493,0.0073470809261628,0.8238157544906908,0.9697740866013048,23387.090685076382,0.6297188377556853,0.5674342706214864,0.1717814712890066,0.652408430694415,0.3579461238808989,0.2657668509193646,1.0,0.0,1.0,274928084.343797,0.938565804256742,0.26417849961222223,0.3145676576975777,0.1428571428367347,0.4150422761008192,0.1717814712890066,0.347591569305585,0.3579461238808989,0.7342331490806354,0.4028880783890315,0.5971119216109685,0.23678190116653924,0.10953409650520553,0.17618424550930922,0.03022591339869518,0.37028116224431473,0.43256572937851356,0.41504625651967464,0.2529456149603217,0.28523512659650097,0.4254774879414797,0.6297188377556853,0.260416906811391,0.2657668509193646,0.11390540201966382,0.017314584546384838,0.38530086516214695,0.37813697331865465,0.001972224713559423,1,0.004989173784758715,32.07762856892739,78.80794701986756,MERAH,1
Cigereleng,237.76434159991,22.55063665954536,86.79021481589753,3.623848924087348,0.4488985985109579,0.0612442871193623,0.0179618617977486,0.8478961524450892,0.9887134981122956,17133.464031828153,0.3884836618108588,0.4052329829017932,0.3608149425945933,0.5618446814765433,0.6534937170453181,0.0880666351703106,4.0,1.0,4.0,52383375.24176682,0.6103773339885561,0.24493633404546386,0.6697553703974382,0.5714285713469388,0.5241244024445992,0.3608149425945933,0.4381553185234567,0.6534937170453181,0.9119333648296895,0.5910993357482643,0.40890066425173566,0.585256450424774,0.2677847601435504,0.1521038475549108,0.011286501887704414,0.6115163381891412,0.5947670170982068,0.2775910734783217,0.35718656982522995,0.29567221954688894,0.33609272519692746,0.3884836618108588,0.3695512572143018,0.0880666351703106,0.060655198956713514,0.024711090160665566,0.2820338513984904,0.360793636676432,0.0014988560901324556,3,0.005132473796975043,90.14023473283996,79.47019867549669,MERAH,1
Cigondewah Kaler,165.2022550914082,24.872908629538856,85.60339070548841,21.203080759679644,0.9535357344745782,0.0287231189988423,0.0144211086948404,0.9001719671610261,0.9083662261497994,4504.249931654395,0.6776224205864336,0.8483286353671341,0.2900182703688738,0.6907780106614899,0.5223573321916173,0.5300319031168007,3.0,1.0,1.0,97011399.19008608,0.7218256865685171,0.01270913704611445,0.6400847676372102,0.4285714285102041,0.45079775494051144,0.2900182703688738,0.3092219893385101,0.5223573321916173,0.4699680968831993,0.39789142219555007,0.6021085778044499,0.274480959140371,0.21499737478973094,0.0998280328389739,0.09163377385020055,0.3223775794135664,0.1516713646328659,0.0,0.16499844066652983,0.3770652135593108,0.7337911661458587,0.6776224205864336,0.11741662695635965,0.5300319031168007,0.19971987235864536,0.0,0.4416903168865313,0.28720824900602665,0.0,1,0.0,26.844536561492422,0.6622516556291391,HIJAU,0
Cigondewah Kidul,213.6577754503442,23.176427070463223,73.38477075470078,6.509203375237938,0.1992302940449305,0.0676528530281922,0.0185913017734142,0.7617578131838677,0.9850552396062684,19620.302579211973,0.6884090772288177,0.8345811704448363,0.1968536047865766,0.4109864161434458,0.8035152203653881,0.6836143752989702,2.0,1.0,2.0,33060296.583080176,0.5496434750339265,0.1823572929536777,0.3346192688675195,0.2857142856734694,0.3380835806321483,0.1968536047865766,0.5890135838565542,0.8035152203653881,0.3163856247010298,0.47644200842738715,0.5235579915726128,0.6464973385553706,0.2771687780591933,0.2382421868161323,0.014944760393731604,0.3115909227711823,0.16541882955516374,0.33225197133466944,0.28373068392649187,0.20082236745014392,0.3773578735754083,0.6884090772288177,0.44286693076641886,0.6836143752989702,0.04165302771117292,0.051174425348823986,0.6049634610980689,0.2618732411641724,0.0021315697571579156,1,0.0034661730200227165,34.15118838856798,71.52317880794702,MERAH,1
Cigondewah Rahayu,141.05099310265555,20.449714826684787,93.00936671372708,8.836476789454268,-0.552747906790936,0.0196648390375247,0.0191716495079598,0.8859596555858886,0.9498124917704307,9334.37235963562,0.638772556871864,0.5994933965160302,0.3841686148129105,0.6649884695785065,0.4010362267227915,0.1198954322294568,0.0,0.0,5.0,213007732.1533256,0.3652271089156285,0.45502851733152133,0.8252341678431769,0.0,0.4113724485225817,0.3841686148129105,0.33501153042149345,0.4010362267227915,0.8801045677705432,0.5000802349319347,0.49991976506806535,0.18791914208823712,0.28582090335917903,0.11404034441411137,0.0501875082295693,0.36122744312813604,0.4005066034839698,0.10616645336597612,0.21512405686702554,0.30122206322020356,0.3789295447447603,0.638772556871864,0.5760359045682131,0.1198954322294568,0.041687730490393156,0.002275185706858756,0.44490129788984456,0.18264285843003877,9.484732856312246e-05,1,0.00020850089679473716,41.56722983243346,12.582781456953644,HIJAU,0
Cigugur Tengah,264.0045971240519,27.38254657813223,92.04272673954564,26.825411115325533,0.7206652227916959,0.0250568926612817,0.0114462278787922,0.9208868263836384,0.9791178564026584,6210.1245353083405,0.4629854531761808,0.5334720965802388,0.1836811871877602,0.535278859726111,0.5341663310221206,0.2668812375580249,7.0,1.0,5.0,105771592.4433977,0.6727534868383829,0.23825465781322314,0.801068168488641,0.9999999998571428,0.6780190782493475,0.1836811871877602,0.464721140273889,0.5341663310221206,0.733118762441975,0.4789218552314362,0.5210781447685637,0.2394461385277529,0.17064630724722438,0.07911317361636161,0.02088214359734164,0.5370145468238192,0.46652790341976125,0.03749525177827098,0.22158935214436173,0.40824051943658096,0.53692666178373,0.4629854531761808,0.10029524762582026,0.2668812375580249,0.14746434808637474,0.0007102854501444913,0.2767206461200087,0.322196348030056,0.00010474178086079464,1,0.0003653095173932969,82.59183382642524,17.880794701986755,HIJAU,0
Cihapit,232.3760760065652,25.192896418993953,83.9783488409861,1.7084078479607605,0.3930930919798147,0.051921406170646,0.0081097607559736,0.887001647560464,0.9139145583536772,16541.068666676645,0.6331599171188946,0.8045944357891417,0.5983005759076374,0.4437397343154978,0.6898117028291605,0.2753648060432364,3.0,0.0,5.0,11175721.36583069,0.5970270759439892,0.01928964189939535,0.5994587210246525,0.4285714285102041,0.4110867168445602,0.5983005759076374,0.5562602656845022,0.6898117028291605,0.7246351939567637,0.6422519345945159,0.3577480654054841,0.49616608023000924,0.12090452333466753,0.11299835243953604,0.08608544164632281,0.36684008288110537,0.1954055642108583,0.2645701789054973,0.2347100319497138,0.11522789335565035,0.6077621345184412,0.6331599171188946,0.4100261013405916,0.2753648060432364,0.041810492961376663,0.014833378316806603,0.43951694150090753,0.383441794530334,0.0006201908597082797,2,0.0013796829495179939,65.1605695300582,47.019867549668874,KUNING,0
Cijagra,109.24405760150428,28.293585965307894,80.59333081990754,16.545077587904725,-0.882167850202319,0.0246282981204296,0.0306208785049143,0.7923741869487971,0.9203623419340844,8669.931742453222,0.6643380027073428,0.6028562639064373,0.1093952236279418,0.8225576376959074,0.5997336608565674,0.1397411602226957,2.0,2.0,3.0,22209157.951333705,0.29272874858580605,0.3293585965307894,0.5148332704976883,0.2857142856734694,0.3556587253219383,0.1093952236279418,0.1774423623040926,0.5997336608565674,0.8602588397773043,0.4367075216414765,0.5632924783585235,0.23535044680777803,0.45651195283392426,0.20762581305120287,0.0796376580659156,0.3356619972926572,0.3971437360935627,0.09156199874803417,0.2576419432704392,0.18401241498736604,0.5008621662063032,0.6643380027073428,0.5673564909046117,0.1397411602226957,0.026979303188631232,0.0044741613082951055,0.4571452179448834,0.12783684630811823,0.00012070975445133662,0,0.0002583987801103397,27.90144334970713,15.2317880794702,HIJAU,0
Cijaura,165.2022550914082,25.214030971930093,83.3573803906403,2.8691622034451365,0.0453867198378246,0.0287231189988423,0.0394107113634991,0.8557678696953521,0.82641450176742,21145.150407293837,0.641762354437619,0.6035689210970284,0.009063576455491,0.4953672934785316,0.7509779451754736,0.1230497368439917,2.0,2.0,5.0,294523019.04547393,0.5113447325570611,0.021403097193009302,0.5839345097660076,0.2857142856734694,0.3505991562973868,0.009063576455491,0.5046327065214684,0.7509779451754736,0.8769502631560083,0.5354061228271103,0.4645938771728897,0.274480959140371,0.5875553441171741,0.14423213030464788,0.17358549823257996,0.358237645562381,0.3964310789029716,0.3657682410036196,0.3286129853233922,0.3065652544329805,0.6838110030042939,0.641762354437619,0.5177692039810051,0.1230497368439917,0.10719457391005001,0.014480389187387662,0.42752709842087194,0.27377710068644173,0.0015522191489937157,2,0.0035477097409417693,50.199837902951806,72.84768211920529,MERAH,1
Cijerah,50.0,26.677901193934733,84.97856509376543,1.0,-1.495750196160855,0.0341990423505551,0.0312136958356132,0.8078851031089022,0.9217281517364564,10082.03677256848,0.5645743151430367,0.8050403109814283,0.4527973205672552,0.2860279500529095,0.7047447790564437,0.3720191162427811,2.0,1.0,7.0,149949916.49786276,0.18306022262376928,0.16779011939347335,0.6244641273441356,0.2857142856734694,0.3152571887587119,0.4527973205672552,0.7139720499470905,0.7047447790564437,0.6279808837572189,0.6248737583320021,0.3751262416679979,0.3268094229753001,0.4653499813466502,0.19211489689109784,0.07827184826354361,0.4354256848569633,0.19495968901857175,0.12260017325870612,0.2593616709444047,0.4353854987403788,0.29616789519544606,0.5645743151430367,0.1781302917205403,0.3720191162427811,0.023605104376300867,0.007697446802148006,0.371574574368786,0.1143895293120077,0.000181699035195727,1,0.00047618223907161506,49.762561229842156,24.503311258278146,HIJAU,0
Cikawao,89.46505922482336,22.72097114074895,82.76125620349531,2.5934147450292064,-0.18604438353349984,0.0129131424456707,0.0501182414734788,0.8536572316449098,0.8754412957428923,12447.506008841689,0.7692091516144196,0.7844241381451035,0.323737194997249,0.5940318308276978,0.5962717697591026,0.3168537842481557,3.0,1.0,2.0,338234519.0776343,0.45362259688262707,0.22790288592510494,0.5690314050873827,0.4285714285102041,0.4197820791013297,0.323737194997249,0.40596816917230216,0.5962717697591026,0.6831462157518443,0.5022808374201245,0.4977191625798755,0.12339926329542378,0.7471887615500016,0.1463427683550902,0.12455870425710769,0.2307908483855804,0.21557586185489652,0.17459336455063232,0.25177851032124754,0.7164709985698569,0.6639704667300576,0.7692091516144196,0.2859210994621877,0.3168537842481557,0.21579533828268868,0.003152909952855676,0.457328011774921,0.22784593783489748,0.0006803832698513467,1,0.0014559008933944224,47.549516063498416,48.34437086092716,KUNING,0
Cikutra,156.6717927377472,25.751334695530012,70.82196502811335,11.00983152311874,-0.3909654888762586,0.0545471687202469,0.0264402179080564,0.9590883417871452,0.9498124917704307,6436.41996576476,0.5314576879557036,0.7184561213306181,0.2867280689900613,0.6225919133312265,0.8863041605806126,0.1333082615847759,4.0,2.0,4.0,62404284.87190202,0.40348490053379676,0.07513346955300122,0.27054912570283385,0.5714285713469388,0.33014901678414266,0.2867280689900613,0.37740808666877346,0.8863041605806126,0.8666917384152241,0.6042830136636679,0.3957169863363321,0.5212581262267678,0.3941844943679255,0.04091165821285481,0.0501875082295693,0.4685423120442964,0.2815438786693819,0.042469242318408554,0.2570138885813149,0.2762846076582129,0.7464388549818212,0.5314576879557036,0.3743035134092035,0.1333082615847759,0.0832105160010977,0.0009056792837928693,0.3463564876498943,0.24381907166234798,7.536204053590925e-05,1,0.00021147935605973696,48.82012419288935,13.245033112582782,HIJAU,0
Cimincrang,153.8793612172891,22.09940718588845,74.24659478316237,4.433156400558644,-0.4198863081553173,0.0247797507352319,0.0412383742087692,0.9685213494689148,0.8467970896365106,44892.6545311031,0.7834272162821039,0.7718891042383372,0.2979050442506651,0.4142230262153225,0.8481382357356977,0.2643282726257465,4.0,3.0,6.0,273003715.9804724,0.3965439559152027,0.2900592814111551,0.35616486957905913,0.5714285713469388,0.40354916956308895,0.2979050442506651,0.5857769737846775,0.8481382357356977,0.7356717273742535,0.6168729952863234,0.38312700471367656,0.23679774293801123,0.6148030906010759,0.03147865053108523,0.15320291036348943,0.21657278371789612,0.22811089576166277,0.8877401633949255,0.33838660532973514,0.15021756743585532,0.5443967771647232,0.7834272162821039,0.42610060440007713,0.2643282726257465,0.032428555600749025,0.006617280334962603,0.4912853644359758,0.24461725784809887,0.0002145888432680779,3,0.00042807721607736104,72.10108073106598,21.85430463576159,HIJAU,0
Cinambo,165.2022550914082,22.45122471733142,80.65851209583673,11.424529782625669,-0.0787837365504375,0.0043643909937486,0.0056119458134047,0.8035816341772755,0.972454415970798,12839.915921796204,0.7858429918195939,0.1377135875051867,0.340843697943177,0.6473820265879044,0.6318784579398719,0.0356440887938402,1.0,0.0,0.0,180846481.2562624,0.48031424706337794,0.25487752826685794,0.5164628023959181,0.1428571428367347,0.3486279301407222,0.340843697943177,0.35261797341209555,0.6318784579398719,0.9643559112061598,0.5724240101253261,0.42757598987467393,0.0417065509520744,0.08366580149110961,0.19641836582272454,0.02754558402920204,0.21415700818040606,0.8622864124948133,0.18321856387947102,0.22985689812140014,0.13865722042853537,0.569785311676539,0.7858429918195939,0.4563915669855973,0.0356440887938402,0.03794715386921404,0.0015009141230913937,0.4259595491996772,0.2749434074243454,5.695541917342558e-05,1,0.00013064381610170667,43.90415104086212,7.9470198675496695,HIJAU,0
Cipadung Kidul,174.64878983060348,22.646139056843833,69.00286326529705,13.280564910159187,-0.204780266322487,0.0493401910994684,0.0256098693837744,0.8513085876573976,0.9645481740234406,18575.325383892156,0.7323010795519574,0.8016214494604869,0.3527065663574891,0.2824156284809813,0.5940727164313879,0.1739316456080965,4.0,1.0,6.0,24861176.983114876,0.4489830915961013,0.23538609431561675,0.2250715816324263,0.5714285713469388,0.37021733472277074,0.3527065663574891,0.7175843715190187,0.5940727164313879,0.8260683543919035,0.6226080021749498,0.3773919978250502,0.4714997343323731,0.38180522751273366,0.1486914123426024,0.03545182597655938,0.26769892044804255,0.19837855053951314,0.3092832941780122,0.25897270933283373,0.28306000632553907,0.30283194851336454,0.7323010795519574,0.5879030550525847,0.1739316456080965,0.03848665697269089,0.021683221255167844,0.49804526007087957,0.2795404656689811,0.0008345146985106048,1,0.0016425991227517367,58.37540789375152,52.980132450331126,KUNING,0
Cipadung Kulon,197.80642607794363,25.387638856292455,82.11551067247,36.809610491162594,-0.18604438353349984,0.0326194507747387,0.0329915871426779,0.8466738038246056,0.9904500805886884,14540.62273430777,0.641762354437619,0.8235070356013531,0.0614496935991329,0.5713439431875615,0.3421897878477694,0.1917015774902323,1.0,0.0,5.0,77883511.7563737,0.45362259688262707,0.038763885629245466,0.5528877668117499,0.1428571428367347,0.2970328480400893,0.0614496935991329,0.42865605681243846,0.3421897878477694,0.8082984225097677,0.41014849019227706,0.5898515098077229,0.3117146900252465,0.49185570790130495,0.15332619617539445,0.009549919411311558,0.358237645562381,0.17649296439864692,0.22060022722069864,0.24596819295642627,0.6302204918243296,0.873491233636327,0.641762354437619,0.5958183851326235,0.1917015774902323,0.24971564456425926,0.010543373373404412,0.4764274390201583,0.1860526232285094,0.002632845277821331,0,0.005412616695975947,13.171899534914283,82.11920529801324,MERAH,1
Cipadung Wetan,206.18528274836856,26.049268106858673,83.69291902471112,3.113040180155362,0.1218387414089438,0.0574866684934746,0.0216168910887222,0.8135262509815517,0.970595674414912,26136.147240911476,0.7780443287998099,0.5744716425499476,0.3090567782564249,0.8438362039206162,0.7291903566567904,0.1765262531451399,2.0,0.0,8.0,110198519.37245418,0.5304220608495572,0.10492681068586726,0.5923229756177779,0.2857142856734694,0.37834653320666795,0.3090567782564249,0.1561637960793838,0.7291903566567904,0.8234737468548601,0.5044711694618649,0.4955288305381351,0.5493482760876155,0.3222758342327463,0.18647374901844826,0.029404325585087987,0.2219556712001901,0.42552835745005235,0.4754707258757197,0.31577956277855146,0.13741314409124072,0.3997010644397299,0.7780443287998099,0.4943608299048572,0.1765262531451399,0.02913299672553351,0.0487067611687768,0.482977137283269,0.2675826373451486,0.0014189739136413171,1,0.0028783767163343362,48.583920593337915,66.22516556291392,KUNING,0
Cipaganti,106.81993170042747,24.0530744293483,76.82354094798289,18.046134034644908,-0.9072741801449152,0.0428356257803553,0.055137145553139,0.8762905050040852,0.9953253729236754,7296.621514186857,0.3159853462839874,0.7335049304961919,0.233465421092324,0.7507100371673305,0.6716836402103491,0.1161110072861594,1.0,2.0,4.0,68412653.1257016,0.28755794799506895,0.09469255706517003,0.4205885236995723,0.1428571428367347,0.2364240428991365,0.233465421092324,0.24928996283266946,0.6716836402103491,0.8838889927138406,0.5095820042122958,0.4904179957877042,0.40934146636525864,0.8220131890112881,0.12370949499591477,0.0046746270763246,0.6840146537160126,0.2664950695038081,0.061376536892733584,0.33880357679447715,0.32164058496978676,0.46327428649169344,0.3159853462839874,0.35027794643778665,0.1161110072861594,0.042848380800221034,0.003108072603328769,0.2607914333359778,0.14653435546650237,0.00013317587846216542,1,0.0004918024060862026,28.807294201116523,25.82781456953642,HIJAU,0
Cipaganti Kulon,155.30544831770564,25.530095372612095,71.38215245158142,1.0918773338344978,-0.4051165252599511,0.0312670013123673,0.0036634659657831,0.8084617606037339,0.9701454263077562,19355.364211629378,0.641762354437619,0.6646759382564924,0.263223141157155,0.4202386844558284,0.5884635501832044,0.1672158414305375,1.0,0.0,4.0,51116018.26933485,0.4000836627990657,0.053009537261209515,0.2845538112895355,0.1428571428367347,0.22012603854663634,0.263223141157155,0.5797613155441717,0.5884635501832044,0.8327841585694625,0.5660580413634985,0.43394195863650153,0.29879054952241524,0.05461685241695002,0.19153823939626613,0.029854573692243758,0.358237645562381,0.3353240617435076,0.32642860613716,0.22782721835298908,0.4036403754282298,0.7333163860906472,0.641762354437619,0.6971242341721983,0.1672158414305375,0.11842320441807538,0.01868144900230984,0.502034143346785,0.2264705745455735,0.0022123170540263885,1,0.004320643618736289,21.912480141069658,75.49668874172185,MERAH,1
Cipamokolan,152.7255838994561,26.564930521102298,74.39947622816605,6.0843779850326225,-0.4318358170520838,0.0072029236701925,0.055281753285561,0.8896528476398917,0.9913121412076488,20377.466163337955,0.6264396369382405,0.5327102176753017,0.171549651533383,0.6043944616319884,0.8216906290398752,0.2657668509193646,4.0,1.0,6.0,77883511.7563737,0.39368804071888364,0.15649305211022976,0.35998690570415126,0.5714285713469388,0.3703991424700509,0.171549651533383,0.3956055383680116,0.8216906290398752,0.7342331490806354,0.5307697420054763,0.46923025799452367,0.06883184927406405,0.8241690761558147,0.11034715236010828,0.008687858792351233,0.37356036306175955,0.4672897823246983,0.34889448372293697,0.31454008081310475,0.24720682214656228,0.36993218201536665,0.6264396369382405,0.6123228590655225,0.2657668509193646,0.03600267649443527,0.0026499926589377675,0.5015097823077092,0.20895769980300333,9.540682841236478e-05,2,0.0001865200465608512,51.00733974292633,11.258278145695364,HIJAU,0
Cipedes,171.08762613747012,22.008522442576023,74.23169355505341,1.0,-0.241662736255128,0.0212785891577119,0.0122272972903421,0.7746424300315995,0.9727060027543606,26729.712423705347,0.641762354437619,0.7949654332403979,0.7182985797189214,0.6616124335995484,0.7447423592405109,0.4794473516157954,1.0,0.0,5.0,77188409.29042912,0.439876636294935,0.2991477557423977,0.35579233887633527,0.1428571428367347,0.3094184684376007,0.7182985797189214,0.33838756640045164,0.7447423592405109,0.5205526483842047,0.5804952884360222,0.41950471156397784,0.20334029745857574,0.18229089550775593,0.2253575699684005,0.027293997245639412,0.358237645562381,0.20503456675960208,0.48851733312809337,0.24143890080434974,0.49126501991179367,0.5185452674838561,0.641762354437619,0.47552394160737965,0.4794473516157954,0.11205556044950761,0.022385952767904907,0.5322445492202647,0.25534631486229553,0.0025084704836037903,1,0.004626087043587463,40.22492407320248,77.48344370860927,MERAH,1
Cirangrang,200.02265155994112,23.606970095865957,79.94949769193529,2.2215424260852266,0.0580132396631529,0.0287231189988423,0.0206736282885332,0.8670374325741622,0.7552587448843773,13610.90976379733,0.7260642218420814,0.9482212187975928,0.5379363637806488,0.4417562333027455,0.5006429580272593,0.3658785119437904,2.0,0.0,3.0,145124830.77602607,0.5144992436666855,0.13930299041340427,0.4987374422983823,0.2857142856734694,0.35956349051298536,0.5379363637806488,0.5582437666972545,0.5006429580272593,0.6341214880562096,0.557736144140343,0.442263855859657,0.274480959140371,0.30821318273563897,0.13296256742583779,0.24474125511562272,0.2739357781579186,0.0517787812024072,0.20016506637350373,0.2123253700216143,0.5490386075421183,0.32165287553530125,0.7260642218420814,0.4741236209488991,0.3658785119437904,0.0908604876595519,0.007305162819060133,0.5220221182449236,0.28695482432577996,0.0006637506561722305,1,0.0012475997395782405,41.49083641484535,42.384105960264904,KUNING,0
Ciroyom,104.25423809030286,25.802782502611596,83.5211519336889,3.5216540772144493,-0.933846706876628,0.0287231189988423,0.0498825541896217,0.7123257391292005,0.7678831059037491,7557.875445602824,0.682758507455033,0.4483666187530427,0.2311756205169041,0.5405139564182202,0.5335004680809236,0.2279145235722442,6.0,3.0,6.0,77883511.7563737,0.2821449531584533,0.08027825026115956,0.5880287983422224,0.8571428570204082,0.45189871469556087,0.2311756205169041,0.4594860435817798,0.5335004680809236,0.7720854764277558,0.4990619021518408,0.5009380978481592,0.274480959140371,0.7436750131709517,0.2876742608707995,0.23211689409625091,0.31724149254496703,0.5516333812469574,0.06711891790686116,0.35342013128245126,0.17235883332179205,0.6132379021978872,0.682758507455033,0.29938781691664673,0.2279145235722442,0.029821866472321105,0.0052997840615086516,0.403353615981308,0.1408077970057997,0.00015804945261444663,2,0.0003823589452320013,64.03466867276329,18.543046357615893,HIJAU,0
Cisaranten Bina Harapan,206.54692702301284,28.030908480562193,87.90253049578769,7.545597259434852,0.1255842401377999,0.0304385734701871,0.0216168910887222,0.7309548147602913,0.9498124917704307,16541.068666676645,0.5489385043743192,0.4865377001147692,0.1444000366475845,0.7750788592465498,0.7579972914293743,0.0479152788851833,3.0,0.0,6.0,21560964.256611157,0.5313548616867754,0.3030908480562193,0.6975632623946921,0.4285714285102041,0.4901451001619727,0.1444000366475845,0.22492114075345016,0.7579972914293743,0.9520847211148167,0.5198507974863065,0.48014920251369353,0.29087401132510543,0.3222758342327463,0.26904518523970866,0.0501875082295693,0.45106149562568076,0.5134622998852307,0.2645701789054973,0.3087823590633626,0.4486111454854491,0.7114748674418787,0.5489385043743192,0.5656371751717336,0.0479152788851833,0.16959548302280772,0.02070479980083116,0.3874969861437454,0.27622524859609626,0.0035114405231124936,2,0.008833879615486352,68.43465236054882,90.06622516556291,MERAH,1
Cisaranten Endah,87.20333066926449,23.550109377678087,88.8309789933233,4.433156400558644,-1.1104405493594374,0.059921056519878,0.0298765608219432,0.9693998944814004,0.9263552176378363,16290.60818187353,0.8741002508649224,0.5759724853917582,0.3257121702747576,0.4633984502622723,0.5818058397447322,0.2834494565190041,2.0,1.0,8.0,55928690.01874375,0.2477887656650919,0.1449890622321913,0.7207744748330824,0.2857142856734694,0.3498166471009587,0.3257121702747576,0.5366015497377277,0.5818058397447322,0.7165505434809959,0.5401675258095534,0.4598324741904466,0.5726115282585923,0.4454152784218095,0.030600105518599596,0.07364478236216365,0.12589974913507762,0.42402751460824184,0.259065038657741,0.27589485670888936,0.41511680935391704,0.31230153585184767,0.8741002508649224,0.7032364098537635,0.2834494565190041,0.032123736284779866,0.0045393306607597736,0.6202620390792299,0.1338474444727159,0.0001458202610556625,2,0.00023136449923066285,44.59263931052174,14.56953642384106,HIJAU,0
Cisaranten Kidul,210.77130248207888,27.76482260786327,78.92539707434287,4.246062508043022,-0.18604438353349984,0.0264408041767282,0.0345538894399272,0.9210105392797242,0.9498124917704307,26975.17772521168,0.8256444898335306,0.5897729969126885,0.2929788735913856,0.7653476488009362,0.805716157219835,0.377377838135533,4.0,1.0,7.0,19168041.07579094,0.45362259688262707,0.276482260786327,0.4731349268585717,0.5714285713469388,0.4436670889686162,0.2929788735913856,0.2346523511990638,0.805716157219835,0.622622161864467,0.4889923859686878,0.5110076140313122,0.2526709335139962,0.5151473215798525,0.0789894607202758,0.0501875082295693,0.17435551016646944,0.4102270030873115,0.49391267887220314,0.2822129165956683,0.31840474371178296,0.22287108816208484,0.8256444898335306,0.26259725697636244,0.377377838135533,0.032190516377667705,0.00985767755948617,0.48853986164847535,0.22181799597894805,0.00031732373092440693,2,0.0006365062361816808,52.947644940536875,30.4635761589404,HIJAU,0
Cisaranten Kulon,148.99994300579175,23.830997528318104,64.29492376727298,5.667879701157588,-0.4704217541448798,0.0814813753100045,0.0137481310813705,0.7559404263269717,0.9438450954501576,23862.328418059093,0.5152464231605457,0.6646759382564924,0.1289923387541887,0.482740431197328,0.6666689302620546,0.0113039251940825,2.0,2.0,5.0,77883511.7563737,0.3845164249179846,0.11690024716818961,0.10737309418182442,0.2857142856734694,0.223626012985367,0.1289923387541887,0.517259568802672,0.6666689302620546,0.9886960748059175,0.5754042281562082,0.4245957718437918,0.7786440618815811,0.20496427516819815,0.24405957367302833,0.0561549045498424,0.4847535768394543,0.3353240617435076,0.42549201754721633,0.3613417816289755,0.23889707828098591,0.10654996780569892,0.5152464231605457,0.2786644697061374,0.0113039251940825,0.009787664109570894,0.08085860437817317,0.26840493935358856,0.22125237669331752,0.0007914168600222375,2,0.0028426825395403547,39.25286952085165,65.56291390728477,KUNING,0
Cisaranten Wetan,210.20014295484836,23.193341534852575,77.08368123797905,1.0,0.1634200821192211,0.0341491851369768,0.0216168910887222,0.8238157544906908,0.9686513516982302,35609.54183907402,0.8355660596861818,0.5940641024024005,0.1118397306988661,0.5716682622220093,0.498412195761234,0.4615652699269443,3.0,0.0,6.0,48959421.419938825,0.5407643394284054,0.18066584651474252,0.42709203094947623,0.4285714285102041,0.39427341135070704,0.1118397306988661,0.4283317377779907,0.498412195761234,0.5384347300730556,0.3942545985777866,0.6057454014222134,0.32633298252314763,0.3222758342327463,0.17618424550930922,0.031348648301769755,0.1644339403138182,0.4059358975975995,0.683696649922054,0.30145831405720636,0.5563986595966353,0.37742066850450134,0.8355660596861818,0.45362836124605393,0.4615652699269443,0.11355853968561351,0.03930895450155884,0.5835865636197267,0.2131988275665279,0.004463867469765246,2,0.00752016259017777,33.174687521621145,86.09271523178808,MERAH,1
Ciseureuh,143.7809777127942,26.074169207484903,78.48430149673807,5.600041477714643,-0.524473841351552,0.0100358760092509,0.0573738763441572,0.8278075810030788,0.9750230563749288,20966.4434706241,0.5766694717918928,0.4472862223188508,0.1880666282232222,0.8969182605881313,0.8650446125204999,0.3689321710949114,2.0,1.0,4.0,692467040.8367249,0.37180669643504144,0.10741692074849034,0.46210753741845173,0.2857142856734694,0.30676136006886323,0.1880666282232222,0.10308173941186871,0.8650446125204999,0.6310678289050886,0.44681520226516985,0.5531847977348301,0.0959038213414098,0.8553595327880551,0.17219241899692117,0.02497694362507119,0.42333052820810724,0.5527137776811493,0.3618402491274274,0.35518818168116306,0.18019608268013784,0.49539634170400676,0.5766694717918928,0.2964348857374349,0.3689321710949114,0.03319061870002623,0.0059753976659030865,0.41401217620807973,0.16612888427116768,0.00019832714551001608,1,0.0004677392693852476,32.749663739135535,23.841059602649008,HIJAU,0
Cisurupan,165.2022550914082,27.033822298373245,76.86096411982965,4.433156400558644,0.2841310390550752,0.0451155852786515,0.0075447690067049,0.7837016581791548,0.9923139276543986,18700.187682375123,0.6758423348143395,0.6348217906207781,0.5279243840181365,0.6516093149223119,0.8237785030642647,0.1056365831856172,5.0,0.0,7.0,819088469.7614247,0.5705587108748005,0.2033822298373245,0.42152410299574117,0.7142857141836735,0.4774376894728849,0.5279243840181365,0.3483906850776881,0.8237785030642647,0.8943634168143828,0.648614247243618,0.35138575275638195,0.4311289842848398,0.11248133303487534,0.21629834182084517,0.007686072345601369,0.32415766518566047,0.36517820937922185,0.3120277768669533,0.25270834041685675,0.26634934945408206,0.7714961323163043,0.6758423348143395,0.41325956025911825,0.1056365831856172,0.11724267907775517,0.02909736539830798,0.3982461594196917,0.3700725087623478,0.0034114530734020002,2,0.00835636293125517,79.19105302696369,87.41721854304636,MERAH,1
Citarum,169.16386311891034,23.13995055684302,82.88296212346772,4.433156400558644,-0.2615868784186487,0.0287231189988423,0.0310631793089035,0.8785833123222972,0.9444596122816692,11274.42395154144,0.502729406803123,0.901934300757014,0.221639946344195,0.5236831549116618,0.6300689617875413,0.1727274424334047,2.0,0.0,7.0,278885930.6298311,0.4349736584218881,0.18600494431569814,0.572074053086693,0.2857142856734694,0.36969173537443717,0.221639946344195,0.47631684508833816,0.6300689617875413,0.8272725575665953,0.5388245776966675,0.4611754223033325,0.274480959140371,0.4631060028294761,0.12141668767770275,0.05554038771833081,0.49727059319687705,0.09806569924298603,0.1488089329160737,0.23695560896025963,0.4380523290819224,0.5462634726543785,0.502729406803123,0.4110964438748492,0.1727274424334047,0.1040857107940002,0.004959291154189014,0.3621844310371256,0.23437449780834835,0.0005161913448181612,1,0.0013869235297665388,43.14512247761586,47.682119205298015,KUNING,0
Ciumbuleuit,136.5718889821497,24.63960416998004,63.93008410861509,14.752617130571824,-0.599137356219578,0.0122673433960751,0.0439094455936237,0.7913575564551345,0.9573193460345992,16715.571040736057,0.6531278012487683,0.4026210730809911,0.1421470871431961,0.4328147707949836,0.6666689302620546,0.3794539287198419,1.0,1.0,5.0,8189666.368554723,0.35454107786526634,0.03603958300199608,0.09825210271537728,0.1428571428367347,0.1579224766048436,0.1421470871431961,0.5671852292050164,0.6666689302620546,0.620546071280158,0.4991368294726063,0.5008631705273937,0.11722794385925513,0.6546248094280862,0.2086424435448655,0.04268065396540077,0.34687219875123165,0.5973789269190088,0.2684057541800507,0.3194046758068427,0.4181913478384531,0.5351284474709052,0.6531278012487683,0.28315415113056125,0.3794539287198419,0.07934136039502888,0.00656486243825637,0.43857862703305717,0.17696450952346948,0.0005208651166574868,1,0.0011611456392885669,12.226352965309317,40.397350993377486,KUNING,0
Ciwaruga,213.15977133674355,25.62156905273647,84.86127698561616,12.45367225902233,0.194072535702728,0.0365218615046705,0.026263977043216,0.969974797031468,0.9438516138628236,5691.881185554021,0.4917242687258191,0.5902024644509867,0.5303993887030928,0.7358974653547011,0.8255476106946372,0.1459172213255309,3.0,0.0,4.0,157658577.0553803,0.5483664224558378,0.062156905273646854,0.621531924640404,0.4285714285102041,0.4151566702200231,0.5303993887030928,0.26410253464529887,0.8255476106946372,0.8540827786744691,0.6185330781793745,0.38146692182062547,0.34900651199466876,0.39155700406373595,0.03002520296853195,0.05614838613717643,0.5082757312741809,0.4097975355490133,0.02610422406742367,0.25298779943639016,0.5520873833484102,0.6594157646476271,0.4917242687258191,0.7289377397696227,0.1459172213255309,0.19963560594817592,0.0002735459384614966,0.45552640994032423,0.3391827712518206,5.4609509179423314e-05,2,0.00011730700560344943,64.3437184182167,7.28476821192053,HIJAU,0
Coblong,119.15095735550037,25.527571901824416,80.58174848270471,4.520277195063857,-0.7795634871939585,0.0228149948437152,0.0282007611253001,0.9745693612894176,0.9453064506767987,5347.808708213353,0.584401602165826,0.8143825370855717,0.1835147816056611,0.3700610900100836,0.6154855549551547,0.0591673317552481,1.0,3.0,5.0,22102083.486258496,0.3144139721898856,0.052757190182441606,0.5145437120676177,0.1428571428367347,0.2561430043191699,0.1835147816056611,0.6299389099899164,0.6154855549551547,0.9408326682447519,0.592442978698871,0.40755702130112903,0.2180223417846081,0.4204315865936909,0.025430638710582376,0.05469354932320125,0.41559839783417396,0.18561746291442827,0.018541485200083755,0.1911907803372527,0.22673790111665607,0.5639505220341379,0.584401602165826,0.2509555848925301,0.0591673317552481,0.04020378691013147,0.00010280228949799063,0.2981748396045348,0.1862723502287198,4.133041340850861e-06,1,1.3411352290000653e-05,27.357750939579834,2.6490066225165565,HIJAU,0
Dago,129.2229232113348,26.607604104069807,78.48430149673807,1.0,-0.6752495578576894,0.062521852142989,0.0203984564730988,0.8239468773056587,0.936188764492726,8180.916475213394,0.641762354437619,0.6393402819761435,0.27056198598710757,0.7500648920279529,0.6666689302620546,0.2990961000926467,5.0,1.0,5.0,72817454.94784507,0.33732237540248355,0.16076041040698072,0.46210753741845173,0.7142857141836735,0.4186190093528974,0.27056198598710757,0.2499351079720471,0.6666689302620546,0.7009038999073534,0.4720174810321407,0.5279825189678593,0.5974649878424333,0.30411077846240253,0.17605312269434126,0.06381123550727397,0.358237645562381,0.36065971802385655,0.08081340648380732,0.2773072706537852,0.5144709169150237,0.41509880444661346,0.641762354437619,0.4178620544814794,0.2990961000926467,0.0720373057600383,0.008500404774996188,0.4529068363372484,0.15922205793325842,0.0006123462578604901,2,0.0013228282880971935,45.76921277780117,44.370860927152314,KUNING,0
Derwati,121.37214029033278,21.461260068091978,82.98279945878,1.0,-0.7565590089199562,0.0424586585627161,0.0090968872643162,0.8238157544906908,0.9098451156611194,14698.421222943036,0.6180332482502076,0.6481497802784084,0.0517718433947907,0.4011103793667168,0.5597333748140529,0.1252105651441308,2.0,1.0,11.0,101961954.333743,0.31939380837318054,0.35387399319080226,0.5745699864694999,0.2857142856734694,0.383388018426738,0.0517718433947907,0.5988896206332832,0.5597333748140529,0.8747894348558692,0.521296068424499,0.47870393157550095,0.4057391304397536,0.13562111776370364,0.17618424550930922,0.09015488433888064,0.38196675174979244,0.3518502197215916,0.22406864984035452,0.2522264284804837,0.39833528685903596,0.4005839772529551,0.6180332482502076,0.296774461213214,0.1252105651441308,0.050964626699099916,0.016017512158739592,0.3466727582025175,0.16649873658406686,0.0008163265278184574,2,0.0022887268765139335,44.53355204253056,60.9271523178808,KUNING,0
Dunguscariang,165.2022550914082,26.40800352698641,81.21369377679153,4.433156400558644,-0.3026166938244931,0.0231228299163099,0.0227362898963808,0.8236846316757229,0.9969469832880472,21072.5785979415,0.5579092652448593,0.5842033000749961,0.2746747326009883,0.501041323977194,0.884510804282151,0.3771647263491655,1.0,2.0,6.0,82686790.38322802,0.42491793557828644,0.1408003526986409,0.5303423444197882,0.1428571428367347,0.30972944388336254,0.2746747326009883,0.49895867602280597,0.884510804282151,0.6228352736508345,0.570244871639195,0.429755128360805,0.2209640441110945,0.3389644127659253,0.17631536832427708,0.003053016711952794,0.4420907347551407,0.4157966999250039,0.3641731071890696,0.28019391196892346,0.3802226813129049,0.6601631207382156,0.5579092652448593,0.6588357151583818,0.3771647263491655,0.1066582226374034,0.014187950028636214,0.5313032355841355,0.2423072736310317,0.0015132615329226354,2,0.002795589299017643,43.16027478625305,64.90066225165563,KUNING,0
Garuda,272.12537870094826,26.017938440986537,79.79273985448333,4.433156400558644,0.8047710118395146,0.0683092831544257,0.0243891153963411,0.8575651166504412,0.9202388412836062,10137.069663097214,0.8137117920381035,0.637795982011449,0.4877031402753353,0.7569159425537633,0.6240902155122593,0.2862111728262796,1.0,2.0,3.0,335162554.74078774,0.690994120716922,0.1017938440986537,0.49481849636208325,0.1428571428367347,0.3576159010035984,0.4877031402753353,0.24308405744623673,0.6240902155122593,0.7137888271737204,0.5171665601018879,0.4828334398981121,0.652770249608814,0.36360559334340253,0.14243488334955878,0.07976115871639378,0.1862882079618965,0.36220401798855095,0.12380980032158696,0.27298198732717194,0.15984557300274563,0.623616002873691,0.8137117920381035,0.47145057003687313,0.2862111728262796,0.06887985374309306,0.011511495296401185,0.5237911783004187,0.3573590524617992,0.0007929101123804173,1,0.0014854312783980968,42.115730182439584,49.668874172185426,KUNING,0
Gegerkalong,126.4792035454805,22.732285127597734,66.74028980498755,3.1739938418558613,-0.7036658753312701,0.0268005185969935,0.0216168910887222,0.8052328965429716,0.8420343670460289,19111.961370852016,0.5417606081488174,0.4318026303764891,0.3009635475833738,0.2310606750712482,0.8488270312549241,0.1011803534955547,1.0,2.0,3.0,67787752.9691491,0.33099995779813357,0.22677148724022658,0.16850724512468887,0.1428571428367347,0.21728395824994592,0.3009635475833738,0.7689393249287518,0.8488270312549241,0.8988196465044453,0.7043873875678737,0.29561261243212633,0.25610840000553636,0.3222758342327463,0.1947671034570284,0.15796563295397115,0.45823939185118256,0.568197369623511,0.3210785934346173,0.32551890365122754,0.42234134540608537,0.25659136871634686,0.5417606081488174,0.4455104467170595,0.1011803534955547,0.035870182051975896,0.016015879045790025,0.3628171361204772,0.23315219555850375,0.0005744924970949142,2,0.0015409498154324774,53.416716682593915,50.331125827814574,KUNING,0
Gempolsari,139.08981813958812,26.204866669592448,70.81268262921314,6.781820491668692,-0.5730595191853495,0.0458397942601452,0.039038738059739,0.7669239169418167,0.8656525286544101,6497.793847139059,0.5368677972877516,0.4789257486631904,0.1316670998839262,0.5948127662083322,0.6999729823313351,0.2657668509193646,1.0,2.0,3.0,496903219.31262606,0.36053115690688325,0.12048666695924481,0.27031706573032854,0.1428571428367347,0.22354800810829784,0.1316670998839262,0.40518723379166777,0.6999729823313351,0.7342331490806354,0.4927651162718911,0.5072348837281089,0.43804959676659966,0.5820097730038453,0.23307608305818328,0.1343474713455899,0.4631322027122484,0.5210742513368096,0.0438182448358327,0.34507251757987273,0.27628189211986487,0.5379650223259713,0.5368677972877516,0.7054151716435406,0.2657668509193646,0.053585743782531454,0.004473793905322338,0.5026832732835523,0.17765717745285975,0.0002397315739464536,1,0.0004676017074071071,24.91775989651974,23.178807947019866,HIJAU,0
Hegarmanah,149.52429078385606,26.666102486350553,76.72049176029259,5.520291374791081,-0.4649911581865996,0.0169470351411033,0.0111098414884424,0.9247217943622492,0.9897361400296842,25926.9030888727,0.641762354437619,0.6646759382564924,0.0053680844501438,0.3861957700660608,0.8366173634148736,0.3752593412346346,5.0,1.0,6.0,364069925.5588356,0.38580245236754457,0.1666102486350553,0.4180122940073147,0.7142857141836735,0.42117767729839706,0.0053680844501438,0.6138042299339392,0.8366173634148736,0.6247406587653654,0.5201325841410805,0.47986741585891945,0.1619475398999354,0.16563128431309473,0.07527820563775078,0.010263859970315758,0.358237645562381,0.3353240617435076,0.4708715237145412,0.2253648744059324,0.8349031808346674,0.40617089984388466,0.641762354437619,0.373760146798854,0.3752593412346346,0.13083077218485484,0.005740451349594947,0.4635939474903692,0.2006684265178971,0.000751027682757099,2,0.0015858050693782814,47.40258062349316,50.993377483443716,KUNING,0
Husein Sastranegara,165.2022550914082,24.761481154572184,78.78140878839065,1.0,-0.2025759763531453,0.0274916433132649,0.012228572382103,0.8847464474233963,0.9930280632007904,10942.58797722614,0.8772836602271975,0.6303095151545899,0.0675474542941408,0.6154911838544103,0.7245851699783592,0.3347353664716885,2.0,0.0,6.0,39784976.66139014,0.44952848804025136,0.023851884542781577,0.46953521970976625,0.2857142856734694,0.30715746949156714,0.0675474542941408,0.38450881614558974,0.7245851699783592,0.6652646335283114,0.46047651848660026,0.5395234815133998,0.26271285598454885,0.18230990523766025,0.11525355257660375,0.006971936799209599,0.1227163397728025,0.3696904848454101,0.14151515330332318,0.17159574693136545,0.20925031736524946,0.7188652349010737,0.8772836602271975,0.49128513850388983,0.3347353664716885,0.06761932420654941,0.004284879299964596,0.567768055067592,0.20699731313332023,0.0002897406425702385,0,0.0005014826278970067,13.613649625962076,27.1523178807947,HIJAU,0
Isola,143.98089461947848,24.807450211891055,72.2524462299805,1.02050482627825,-0.18604438353349984,0.0057082289368898,0.010275149363205,0.7794034361997468,0.9694009257950158,23294.28440200346,0.7194765298961313,0.2832030313236455,0.2199846305514842,0.3830343376490487,0.5350439213308535,0.1686860345657134,2.0,1.0,6.0,65220041.1138823,0.45362259688262707,0.019254978810894486,0.3063111557495127,0.2857142856734694,0.2662257542791259,0.2199846305514842,0.6169656623509513,0.5350439213308535,0.8313139654342866,0.5508270449168939,0.44917295508310606,0.054548398927480105,0.1531872607999852,0.22059656380025316,0.0305990742049842,0.2805234701038687,0.7167969686763545,0.41300636745457514,0.26703687199535725,0.20878030332959632,0.30482733285012287,0.7194765298961313,0.30242315622934923,0.1686860345657134,0.028869423461392856,0.004969783828204379,0.39686190689706463,0.2498675945483849,0.0001434747938480143,1,0.00035263756919940207,31.545322077487892,17.218543046357617,HIJAU,0
Jamika,120.99548109214092,25.767838044636022,80.73404780621728,1.4991962622919002,-0.7604600150935704,0.0805900266816653,0.0426119070582922,0.851654650012328,0.9739484147707642,27691.429338523736,0.8043094035888514,0.7606459215551614,0.1930659500417276,0.6895198535300049,0.756462791337916,0.2657668509193646,4.0,0.0,8.0,141064286.2790327,0.3185464002884273,0.07678380446360222,0.5183511951554319,0.5714285713469388,0.37127749281360006,0.1930659500417276,0.3104801464699951,0.756462791337916,0.7342331490806354,0.49856050923256856,0.5014394907674314,0.7701262464436107,0.6352804313578624,0.14834534998767201,0.026051585229235785,0.1956905964111486,0.23935407844483858,0.5096559430723989,0.3606434615638238,0.44671757038271126,0.6587408388877161,0.8043094035888514,0.42288416490232067,0.2657668509193646,0.09373900186278637,0.05822546359488297,0.49765347313684555,0.15881465554199994,0.005457996840382335,1,0.010751422238198794,51.999145378162915,92.71523178807946,MERAH,1
Jati Sari,348.4767024875751,23.321270486111576,77.28703968389769,3.784956526541897,1.59553090004894,0.0380157438866103,0.003525582900795,0.980804528363988,0.8491570039408884,18458.47503079088,0.8171763319329016,0.5771965222311892,0.0718774848884441,0.7899085909778053,0.5003080743177462,0.0887968696508582,1.0,0.0,7.0,12694039.242087344,0.8313928396203581,0.1678729513888424,0.43217599209744223,0.1428571428367347,0.3935747314858444,0.0718774848884441,0.2100914090221947,0.5003080743177462,0.9112031303491418,0.42337002464438167,0.5766299753556183,0.36328219943147755,0.052561220105475266,0.019195471636011985,0.15084299605911156,0.18282366806709838,0.4228034777688108,0.3067149146496885,0.21403199253109628,0.09579499240589376,0.7800953785269146,0.8171763319329016,0.5347596112382624,0.0887968696508582,0.06212934744888593,0.002138837552073116,0.48024427094067407,0.3519868069992335,0.00013288458140947528,1,0.00027105789763641323,27.029683454194625,15.894039735099339,HIJAU,0
Jatihandap,165.2022550914082,26.12572423767792,69.52629182488839,18.38671879640467,-1.0434722537976642,0.0443594418126095,0.055736383761439,0.5952218579153121,0.950950844093928,12217.16098419623,0.710744783208603,0.7328758738508434,0.3702785956345083,0.5527025689814907,0.6008657788992451,0.5086353854842558,1.0,0.0,3.0,31506869.132543523,0.26048057605596037,0.11257242376779217,0.23815729562220972,0.1428571428367347,0.1885168595706742,0.3702785956345083,0.4472974310185093,0.6008657788992451,0.4913646145157442,0.47745160501700173,0.5225483949829983,0.4239032027178972,0.8309469433005334,0.4047781420846879,0.04904915590607195,0.289255216791397,0.2671241261491566,0.16953036362638293,0.3477981643680181,0.2620337105668307,0.4141300907111208,0.710744783208603,0.2855749183845858,0.5086353854842558,0.028266321737458234,0.02908916425996708,0.5016516956924816,0.12436686911367145,0.0008222436760460006,1,0.0016070379185065661,17.26397231912451,51.65562913907284,KUNING,0
Jatisari,161.20976953830154,21.97823209132991,73.20499981636982,6.963624546339549,-0.343966303406578,0.0259909291329387,0.0461732267820813,0.7052766454968009,0.9618671485747368,9943.893179061528,0.7222003184749314,0.6646759382564924,0.1386391024045477,0.6112982710576819,0.513230052186209,0.5703652747434688,4.0,2.0,4.0,4501265.67956685,0.41484633742581134,0.3021767908670089,0.3301249954092455,0.5714285713469388,0.40464417376225115,0.1386391024045477,0.38870172894231814,0.513230052186209,0.42963472525653124,0.36755140219740157,0.6324485978025984,0.24837188320829523,0.6883744345724342,0.2947233545031991,0.03813285142526324,0.2777996815250686,0.3353240617435076,0.11956376670865643,0.2860414333837749,0.34491598092769066,0.4723340849109793,0.7222003184749314,0.38588768837666676,0.5703652747434688,0.06758492927589074,0.008752186639214316,0.5594844271983557,0.15247735301731336,0.0005915159150206954,2,0.0010386867256945483,28.822693879157573,39.0728476821192,KUNING,0
Jatisari Kulon,81.14668012068616,26.19920419404205,67.56424399596118,4.969288479196821,-1.173168424570898,0.00686286299888,0.0378621885390075,0.96799346113078,0.9649058825664308,14627.612115953158,0.6193471735278689,0.6604335972255346,0.3477245645641516,0.6076626506857006,0.6666689302620546,0.5295886065409909,1.0,1.0,5.0,644406110.6270993,0.2362827542166085,0.11992041940420499,0.18910609989902943,0.1428571428367347,0.1720416040891444,0.3477245645641516,0.3923373493142994,0.6666689302620546,0.47041139345900906,0.46928555939987865,0.5307144406001214,0.06558219594666825,0.5644691619717759,0.03200653886922,0.03509411743356916,0.38065282647213106,0.33956640277446537,0.22251226035598506,0.23426907197483066,0.3666176387901931,0.5438756112342876,0.6193471735278689,0.4890183042480638,0.5295886065409909,0.04711345620837917,0.0004670663857841694,0.5459846947723078,0.11088408448908514,2.20051117130484e-05,0,3.9578628548507336e-05,0.157442375524719,4.635761589403973,HIJAU,0
Kacapiring,191.6098541107548,24.526003783755815,84.33330155170349,5.301300517348915,-0.0291169165740637,0.0166988022265892,0.0167235099855008,0.8166866264614194,0.7969370924889282,16096.461678920225,0.4667429732034171,0.8630352985614103,0.0155314978309614,0.329139025537068,0.7492456375026881,0.2657668509193646,2.0,0.0,5.0,19239544.657053847,0.49272128508729124,0.047399621624418485,0.6083325387925871,0.2857142856734694,0.3585419327944416,0.0155314978309614,0.670860974462932,0.7492456375026881,0.7342331490806354,0.5424678147193043,0.4575321852806957,0.15957540167675757,0.24932276846640294,0.18331337353858057,0.2030629075110718,0.5332570267965828,0.13696470143858974,0.2547976839562217,0.24575626619774388,0.13590993976120336,0.5274275882629145,0.4667429732034171,0.23906669227124266,0.2657668509193646,0.035319568288335254,0.007453419619198305,0.3238588387980081,0.2672854387869902,0.0002632515632218923,1,0.00078851158821997,42.87772607259732,32.450331125827816,HIJAU,0
Karang Anyar Kota,205.45898449279497,23.37963791960606,70.11419162931566,18.95596486967701,0.1143165728478704,0.0654821439349009,0.0170552128706712,0.936754958457324,0.9535396144084802,16303.99638927762,0.6087264476356968,0.8491999380978266,0.243556441638126,0.3042751668717844,0.6806570074718019,0.0434710473440837,1.0,2.0,3.0,196181426.5477891,0.5285480604801039,0.16203620803939386,0.2528547907328914,0.1428571428367347,0.271574050522281,0.243556441638126,0.6957248331282155,0.6806570074718019,0.9565289526559163,0.644116808723515,0.35588319127648504,0.6257538282852869,0.2542679672739905,0.06324504154267596,0.04646038559151977,0.39127355236430317,0.15080006190217343,0.2593593124609858,0.255880021345848,0.519139654091642,0.24407674463653323,0.6087264476356968,0.5353670148484896,0.0434710473440837,0.06697228075894551,0.010264359245882948,0.3958548366094234,0.3404466899734479,0.0006874275492259511,1,0.0016937769054788934,45.161818248534566,53.64238410596026,KUNING,0
Karang Pamulang,97.66318239352462,25.11459904175322,73.88906466130645,2.113940247976522,-0.18604438353349984,0.0261682907748339,0.0267156416867983,0.7239079217896492,0.9356064989981276,8229.979140656193,0.4158898109732938,0.8993143073039539,0.2353892896590095,0.5125569334651204,0.2553324770671172,0.1823250807559856,3.0,1.0,1.0,292449935.73254395,0.45362259688262707,0.011459904175321967,0.34722661653266124,0.4285714285102041,0.3102201365252036,0.2353892896590095,0.48744306653487957,0.2553324770671172,0.8176749192440144,0.4489599381262551,0.5510400618737449,0.25006676855776117,0.3982906550409508,0.27609207821035076,0.06439350100187236,0.5841101890267062,0.1006856926960461,0.08189180755135965,0.2507900988692925,0.617108458990007,0.4116730258236353,0.4158898109732938,0.4881636411390172,0.1823250807559856,0.11524141748999484,0.0056539294494949025,0.36212617762276555,0.20365837302909542,0.0006515668441482187,0,0.0017509298816616168,21.57683268741192,54.966887417218544,KUNING,0
Karanganyar,142.65268233277416,26.771131280361196,77.12991881234514,8.305796892974893,-0.5361594374135829,0.0086232278407414,0.0136741062789619,0.8244063177345162,0.9637402774057106,20487.640693385707,0.5726234884446039,0.8347582093412496,0.6236265478175447,0.3964403476566751,0.6533608892401669,0.0876877204708215,2.0,1.0,4.0,1688375.8513397707,0.3690814464096918,0.17711312803611962,0.4282479703086285,0.2857142856734694,0.31503920760697735,0.6236265478175447,0.6035596523433249,0.6533608892401669,0.9123122795291785,0.6982148422325537,0.3017851577674463,0.0824044160631737,0.20386067498571897,0.17559368226548377,0.036259722594289445,0.42737651155539613,0.16524179065875044,0.35131612815966434,0.2060075608974967,0.3456601600412396,0.6761749549241587,0.5726234884446039,0.364126379638537,0.0876877204708215,0.08626420442087854,0.005083437170870147,0.3414791961846541,0.25769814387590567,0.0004385186632686348,1,0.0012476376070868597,54.573749703968325,43.04635761589404,KUNING,0
Karasak,391.1215116670913,25.872520380749027,78.48430149673807,2.6848467857235723,2.0371971720542064,0.0138387486453789,0.0094522248464861,0.5448391515105769,0.861618617208472,26870.898104222862,0.8927589512839864,0.6543685131858197,0.1374243088751497,0.3944461190228397,0.7453099642177653,0.2500763987495676,3.0,2.0,4.0,51213775.98527188,0.8846475580673001,0.08725203807490267,0.46210753741845173,0.4285714285102041,0.46564464051771465,0.1374243088751497,0.6055538809771603,0.7453099642177653,0.7499236012504324,0.5595529388301269,0.4404470611698731,0.13224444746544445,0.14091867490353657,0.45516084848942306,0.138381382791528,0.10724104871601359,0.3456314868141803,0.4916206049788798,0.25874264202271513,0.05,0.4825118656362443,0.8927589512839864,0.4444082618306814,0.2500763987495676,0.02134264718368004,0.02959187076598214,0.5290812039547451,0.4950071409454531,0.0006315688572634125,2,0.0011715653460557893,64.42207824502786,41.05960264900662,KUNING,0
Kebon Gedang,294.2184431226243,25.509974557960913,92.65167012683484,1.6566238571685667,1.0335857629905374,0.0280977672179434,0.0314613840833197,0.8827414691996787,0.9498124917704307,19493.76455565893,0.6645789972497279,0.7801190865885732,0.1697468754555758,0.6280852016639238,0.5357284816647916,0.3811929030233282,2.0,1.0,4.0,5004200.769143904,0.7376104799717621,0.05099745579609127,0.8162917531708711,0.2857142856734694,0.47265349365304843,0.1697468754555758,0.3719147983360762,0.5357284816647916,0.6188070969766718,0.42404931310827887,0.5759506868917211,0.26850503582131263,0.4690426463247748,0.11725853080032134,0.0501875082295693,0.3354210027502721,0.2198809134114268,0.3294706560829602,0.25568089906009106,0.7409950686767537,0.7504396692809014,0.6645789972497279,0.7521716966006939,0.3811929030233282,0.41016460435823776,0.010373220852516346,0.59931453229125,0.3127832173734936,0.004254728026892989,1,0.006982810685465885,45.105169127598316,84.76821192052981,MERAH,1
Kebon Jayanti,101.95211184153432,27.407068154314633,82.99295853641723,7.704014672468416,-0.9576895036329434,0.0859094681870811,0.0127359893397784,0.4653407252245937,0.931451849484386,40895.488654198016,0.5870999214163819,0.710113593423355,0.2799801593212404,0.8727188087811686,0.6381658935341339,0.1860012623410261,3.0,1.0,5.0,2569416073.157037,0.27734103313880637,0.24070681543146327,0.5748239634104308,0.4285714285102041,0.38036081012272616,0.2799801593212404,0.1272811912188314,0.6381658935341339,0.8139987376589739,0.4648564954332949,0.5351435045667051,0.8209593543159305,0.1898747406558299,0.5346592747754063,0.06854815051561403,0.4129000785836181,0.289886406576645,0.7998821575174471,0.4452443089914987,0.7242102733235019,0.6394607751635347,0.5870999214163819,0.23503096816605212,0.1860012623410261,0.1284377592168705,0.3510951013817087,0.33604405064115334,0.12892378070475483,0.04509386809348664,1,0.130312507930526,60.76556370296573,100.0,MERAH,1
Kebon Jeruk,99.67318540246728,23.869461510719308,74.79023622491331,34.4495661773585,-0.9812920232333934,0.0287231189988423,0.0063268678792249,0.8238157544906908,0.9871723631723855,31597.743468438293,0.4485624836999024,0.548699229705013,0.7501009462025127,0.7031094899121834,0.77901724847854,0.17462772916587,3.0,1.0,1.0,129963824.44553,0.27263549324694597,0.1130538489280692,0.3697559056228329,0.4285714285102041,0.29600416907701305,0.7501009462025127,0.29689051008781664,0.77901724847854,0.82537227083413,0.6628452439007498,0.33715475609925016,0.274480959140371,0.0943242307827207,0.17618424550930922,0.012827636827614453,0.5514375163000975,0.45130077029498705,0.5955170207345155,0.30801033994137367,0.19201222349455993,0.4266256114793552,0.4485624836999024,0.40701621132903715,0.17462772916587,0.02233357228614559,0.02879873903202979,0.3434021413982699,0.18071514001727312,0.0006431787199216798,2,0.0018199627126674464,57.98667410311516,56.29139072847682,KUNING,0
Kebon Pisang,161.24606004137135,28.231549022289514,73.26742888931336,1.0,-0.3435904477864352,0.0194994292084685,0.0180680253459234,0.8438601172524413,0.7532678186280366,47385.96416885044,0.4754067587895244,0.4461657505008098,0.0804879911101637,0.6384160614219225,0.7101634290002629,0.3249209328402846,7.0,0.0,9.0,353115660.4371988,0.41493757886592886,0.3231549022289514,0.3316857222328341,0.9999999998571428,0.5174445507962143,0.0804879911101637,0.36158393857807747,0.7101634290002629,0.6750790671597153,0.4568286064620548,0.5431713935379452,0.18633846944149499,0.26936750143195853,0.15613988274755874,0.2467321813719634,0.5245932412104757,0.5538342494991901,0.9425432963029825,0.4113641174293749,0.4174416324908713,0.38514480414171604,0.4754067587895244,0.7512236330976624,0.3249209328402846,0.06671178666378295,0.027423171630849102,0.5171837749091571,0.18955535592206124,0.0018294487754815102,2,0.003470229666678865,75.19328270066443,72.18543046357617,MERAH,1
Kebonlega,131.29413645526452,29.129317133347016,81.9839863299636,1.4013189996343522,-0.6537982945134562,0.0144409254064442,0.0182413299013918,0.7995094620514224,0.9498805317688434,13907.025659326082,0.449946759399692,0.660554351927894,0.27056198598710757,0.3791194445531596,0.7202579939523802,0.0972353405599044,3.0,1.0,14.0,33820919.63450194,0.3421341115188943,0.4129317133347016,0.54959965824909,0.4285714285102041,0.43330922790322246,0.27056198598710757,0.6208805554468404,0.7202579939523802,0.9027646594400955,0.628616298706606,0.37138370129339404,0.13799890800839273,0.27195121571171693,0.20049053794857763,0.05011946823115665,0.550053240600308,0.339445648072106,0.20667371597448644,0.25096181922096344,0.7145615821175006,0.2806363397697071,0.449946759399692,0.2950341168901901,0.0972353405599044,0.06860881949935486,0.005718139932486587,0.2807387389499288,0.21507107884428048,0.00039231483050002547,2,0.0013493724018923744,68.60227132792089,45.6953642384106,KUNING,0
Kebonlega Kidul,154.31087583735146,25.061983735470065,77.55561840882704,16.77762133835466,-0.4154171721168271,0.0478145114865891,0.0519727319929879,0.8238157544906908,0.9856484920914642,50000.0,0.5889999957352697,0.6357079235831861,0.2599691586004318,0.7448336362150368,0.3630346125406402,0.0610755453639273,1.0,3.0,7.0,13271873.920721626,0.3976138989948803,0.0061983735470064975,0.4388904602206761,0.1428571428367347,0.2463899688998244,0.2599691586004318,0.25516636378496316,0.3630346125406402,0.9389244546360727,0.45427364739052695,0.5457263526094731,0.4569201894194095,0.7748364689283914,0.17618424550930922,0.014351507908535788,0.41100000426473027,0.36429207641681394,0.9999999999999781,0.45679778463530984,0.2860365042129487,0.28520263259540873,0.5889999957352697,0.3506760310255128,0.0610755453639273,0.03243669139158432,0.08050213883082756,0.33358385737490326,0.18062551614957284,0.00261122303361803,1,0.0075999584310178486,35.95121114655171,86.75496688741721,MERAH,1
Kebonsari,67.10211359752833,23.039266736565725,73.20485883644783,4.058063949939443,-1.3186260185327114,0.0306373325967071,0.0348558802765155,0.4899159269436942,0.9518088988539878,8211.129166687791,0.5061416426249091,0.4603671884840292,0.2269257426138339,0.8122387175900164,0.3505250818874658,0.345510219642666,2.0,1.0,3.0,74699908.07119022,0.21104697901650746,0.19607332634342747,0.33012147091119565,0.2857142856734694,0.25573901548614997,0.2269257426138339,0.18776128240998358,0.3505250818874658,0.654489780357334,0.3549254718171543,0.6450745281828457,0.2927733731488444,0.5196495577428923,0.5100840730563059,0.048191101146012216,0.4938583573750909,0.5396328115159708,0.0814774837092407,0.3550952510991938,0.477704953504827,0.4807630235955345,0.5061416426249091,0.6037455255790455,0.345510219642666,0.04846965655900686,0.012167768763516917,0.4851324626155402,0.07490594860301897,0.0005897675730570766,1,0.001191130894431009,10.658181761015964,41.72185430463576,KUNING,0
Kebonwaru,138.07660471009285,26.154366498072047,87.26488698800054,3.702280880194958,-0.5835532277224672,0.0299631971209117,0.0216168910887222,0.7294315218040169,0.9999983014331656,21385.67436218185,0.6488304940507358,0.540598945502741,0.1966801624272618,0.44213362685249,0.9116529469241966,0.1742763673416259,3.0,3.0,2.0,77883511.7563737,0.35811540648335266,0.11543664980720472,0.6816221747000135,0.4285714285102041,0.3959364148751937,0.1966801624272618,0.55786637314751,0.9116529469241966,0.8257236326583741,0.6229807787893357,0.37701922121066433,0.28633126802807635,0.3222758342327463,0.27056847819598306,1.698566834407167e-06,0.3511695059492642,0.459401054497259,0.3710549755783147,0.2944004021497825,0.21186611824115398,0.46357417617144836,0.6488304940507358,0.47472416598226763,0.1742763673416259,0.03517254144165007,0.0287464510119026,0.43261034245820973,0.22309901482745856,0.0010110857395165078,3,0.002284369890457253,66.73565133966686,60.264900662251655,KUNING,0
Kopo,216.70918333675928,24.591143679807622,73.79395982655392,16.049952495745238,0.2308332950077715,0.0191691274831367,0.0171055606816362,0.8477383142730673,0.7337975153767645,16146.121744630467,0.3323219563605393,0.6646759382564924,0.0932182061227306,0.5323686882625075,0.418167758649024,0.1727232003319341,3.0,0.0,2.0,295764624.2823873,0.5574534375596255,0.04088563201923776,0.3448489956638479,0.4285714285102041,0.3429398734382288,0.0932182061227306,0.4676313117374925,0.418167758649024,0.8272767996680659,0.45157351904432824,0.5484264809556718,0.1831820735647642,0.2550185785766955,0.15226168572693266,0.2662024846232355,0.6676780436394607,0.3353240617435076,0.25588921592647473,0.30222230625729585,0.4519388280431418,0.46554085311310367,0.3323219563605393,0.4219135531820031,0.1727232003319341,0.11728596651526742,0.007137162550558291,0.3089862366248255,0.25173121050215774,0.0008370890079188002,1,0.0026242166959176342,33.267802172897085,63.576158940397356,KUNING,0
Kujangsari,88.91011422810493,25.05338159866004,68.28649109769815,1.879192249452266,-1.0927636328470514,0.0323091473411205,0.042790109624031,0.6822578032594154,0.986255607991324,31730.386219681754,0.8051934485991968,0.6646759382564924,0.3596941655229386,0.2881716349453542,0.7350583857786437,0.3561568061168145,3.0,1.0,4.0,103174928.8481046,0.2510982256218061,0.005338159866003877,0.20716227744245366,0.4285714285102041,0.22304252286011694,0.3596941655229386,0.7118283650546458,0.7350583857786437,0.6438431938831854,0.6126060275598534,0.3873939724401466,0.308749399797277,0.6379371677174146,0.31774219674058457,0.013744392008676054,0.19480655140080316,0.3353240617435076,0.5984325183588913,0.343819469681022,0.3005736895874031,0.6429873111370306,0.8051934485991968,0.22129413600368722,0.3561568061168145,0.04852851576657505,0.05870785331951439,0.46088146357323284,0.15382428652550245,0.0028490049854378295,2,0.006050365550213985,42.84493237330134,83.44370860927152,MERAH,1
Lebak Gede,303.53586087059904,22.624349920169756,77.85189491206089,7.071384462970989,1.1300849440313183,0.0481751174634744,0.007451516406112,0.8994576428965532,0.9690811468769264,7273.6281123956915,0.8242442514954577,0.5151271415133307,0.2106468755553669,0.6932301140723528,0.6079972439105384,0.2657668509193646,3.0,1.0,4.0,43840278.05494758,0.7558545748742052,0.2375650079830244,0.44629737280152215,0.4285714285102041,0.4670720960422389,0.2106468755553669,0.3067698859276472,0.6079972439105384,0.7342331490806354,0.464911788618547,0.535088211381453,0.4603661757139765,0.11109107485542191,0.10054235710344683,0.03091885312307363,0.17575574850454234,0.4848728584866693,0.06087114019619329,0.20348831542618911,0.34835701653859374,0.3003308047663122,0.8242442514954577,0.583375667659301,0.2657668509193646,0.07907927668359907,0.002817499883062701,0.5577955900247078,0.3514057023402782,0.00022280585280872334,1,0.00039240504280603494,44.02630868969135,19.867549668874172,HIJAU,0
Lebak Siliwangi,273.49202326716875,25.928000988184184,71.39602242565991,5.734232897667207,0.8189251567948351,0.0443908387290405,0.0086618869282078,0.7378198817971674,0.8447429789666866,8477.312903536933,0.3910327421544305,0.5321165833426259,0.3430824449809528,0.3675988552605779,0.6827207642788689,0.3092222349249947,5.0,1.0,10.0,16941597.90567898,0.6940081331070979,0.09280009881841841,0.2849005606414977,0.7142857141836735,0.4464986266876718,0.3430824449809528,0.6324011447394221,0.6827207642788689,0.6907777650750053,0.5872455297685623,0.41275447023143774,0.4242032347491114,0.12913590693317867,0.2621801182028326,0.1552570210333134,0.6089672578455695,0.4678834166573741,0.0873282222166675,0.3049935968054353,0.46333547144484516,0.45982380773150966,0.3910327421544305,0.7522218514213564,0.3092222349249947,0.14786029321163888,0.009712440022886954,0.4841589428335939,0.40755317379016853,0.0014360842295845215,3,0.0029061180626414715,70.8653316978413,67.54966887417218,KUNING,0
Ledeng,75.07442255904733,25.21557472069657,89.80284973559641,9.093063663144251,-1.2360579394146654,0.0096062957892276,0.0178737552072617,0.7308043444648539,0.903775854332488,12942.907028340704,0.4740022512105624,0.6646759382564924,0.1301842498556632,0.658366817640385,0.4917450429277723,0.2657668509193646,2.0,0.0,4.0,216178939.96230885,0.2251229037359835,0.021557472069656924,0.7450712433899103,0.2857142856734694,0.319366476217255,0.1301842498556632,0.34163318235961504,0.4917450429277723,0.7342331490806354,0.4244489060559215,0.5755510939440784,0.09179871037402221,0.26647122135418294,0.26919565553514613,0.09622414566751203,0.5259977487894376,0.3353240617435076,0.18548231612863228,0.2529276942274915,0.39001710828711467,0.4844900330097195,0.4740022512105624,0.41753648391066667,0.2657668509193646,0.04253908919179965,0.004583604499504825,0.3857685286801979,0.09555317021887073,0.00019498236062436995,0,0.0004926676743969354,19.6065565387068,26.490066225165563,HIJAU,0
Lingkar Selatan,136.84600402367496,26.14412031998898,75.51786594725235,1.0,-0.5962983854088189,0.0547161567999839,0.0395078472334783,0.8937630397619633,0.9614835778628608,33379.98642105787,0.3310666882223534,0.7021694063749233,0.27056198598710757,0.4985039973711558,0.8282447472669777,0.1593374842092903,4.0,1.0,6.0,501160589.99511456,0.35519102073718684,0.11441203199889785,0.3879466486813087,0.5714285713469388,0.3572445681910831,0.27056198598710757,0.5014960026288442,0.8282447472669777,0.8406625157907097,0.6102413129184098,0.3897586870815902,0.5228729929900664,0.5890034960925432,0.10623696023803675,0.03851642213713924,0.6689333117776466,0.2978305936250767,0.6346908545528871,0.40829780448762804,0.5347938334392116,0.2855310171255548,0.3310666882223534,0.5811206838202689,0.1593374842092903,0.05423774957107337,0.0352560851807955,0.3571749520839709,0.216752234831491,0.0019122107188924175,2,0.005207900778741317,71.76395099854822,80.79470198675497,MERAH,1
Maleber,357.13719736071585,22.954349570924855,78.10073920625436,2.1663562300543995,1.685226423558941,0.0607876547637762,0.0216168910887222,0.5973531324036031,0.949744451772018,12838.033732843094,0.641762354437619,0.8395055070478954,0.3857989395930342,0.7399168421133768,0.6012396364900443,0.3376205535083108,3.0,1.0,4.0,125741588.32382014,0.843595356094094,0.20456504290751454,0.452518480156359,0.4285714285102041,0.4823125769170429,0.3857989395930342,0.2600831578866232,0.6012396364900443,0.6623794464916892,0.4773752951153477,0.5226247048846523,0.5808928265808296,0.3222758342327463,0.4026468675963969,0.05025554822798195,0.358237645562381,0.1604944929521046,0.18317719322506304,0.29399720119678624,0.42395968804104706,0.7264768639700157,0.641762354437619,0.34391959780377196,0.3376205535083108,0.25982475842690306,0.04284417044900219,0.44110083524990057,0.40271158207335495,0.011131976236913053,2,0.02467735673942206,59.56152870606357,98.67549668874173,MERAH,1
Maleer,212.11395764183115,24.00922376799426,76.95885556505853,20.293548371031424,0.1832411908161884,0.0287231189988423,0.0120165087046566,0.6049458070184485,0.9770653631081962,18348.420639524156,0.641762354437619,0.6980973242985434,0.1509465954397953,0.3023975730332748,0.8816167552527262,0.2695623310421788,2.0,1.0,5.0,77883511.7563737,0.5456825443430352,0.09907762320057394,0.4239713891264632,0.2857142856734694,0.3386114605858854,0.1509465954397953,0.6976024269667251,0.8816167552527262,0.7304376689578211,0.6151508616542669,0.3848491383457331,0.274480959140371,0.17914834984660044,0.39505419298155153,0.02293463689180375,0.358237645562381,0.30190267570145657,0.30429591087238195,0.2622934815709352,0.12485448663378357,0.350515794186266,0.641762354437619,0.3257968464230569,0.2695623310421788,0.023880961407952983,0.03299628260799361,0.4123738439676183,0.33567708734231083,0.0007879829515674056,1,0.0018656054649724405,52.48737777035404,56.95364238410596,KUNING,0
Mandalajati,267.9797548059674,26.299199750866503,78.48430149673807,5.588822525564768,0.7618353700566071,0.0490612278990665,0.0216168910887222,0.8241954704813715,0.7573593691612793,26049.22771353351,0.8315783089847737,0.7175406864001143,0.2061700110820898,0.4246191861239525,0.7490495594926143,0.4810860100781325,3.0,1.0,6.0,837967073.7916071,0.6817520797911953,0.1299199750866503,0.46210753741845173,0.4285714285102041,0.42558775520162534,0.2061700110820898,0.5753808138760474,0.7490495594926143,0.5189139899218675,0.5123785935931547,0.48762140640684526,0.4688339344652254,0.3222758342327463,0.17580452951862846,0.24264063083872067,0.1684216910152263,0.28245931359988574,0.4735602281424723,0.30485659454470077,0.43321056863415636,0.4749010509078541,0.8315783089847737,0.2128832333002748,0.4810860100781325,0.1402583240799134,0.03903231590180377,0.508515850787727,0.3493151718226209,0.00547460721334475,2,0.010558225375420541,56.46504667489847,92.05298013245033,MERAH,1
Manjahlega,181.73629873066935,24.761481154572184,65.24457872964507,2.7245069474923342,-0.1313759366063196,0.0176154723553114,0.0462735283733019,0.5344734679608288,0.9154310462077992,38609.86411996456,0.5229581997183194,0.4445962413786397,0.0072747047413065,0.4421466723306809,0.885667604834311,0.5457999639682499,3.0,1.0,5.0,56673457.2596184,0.4672031740596384,0.023851884542781577,0.13111446824112677,0.4285714285102041,0.2626852388384377,0.0072747047413065,0.5578533276693192,0.885667604834311,0.4542000360317501,0.4762489183191717,0.5237510816808283,0.16833519187075208,0.689869782763477,0.46552653203917116,0.08456895379220075,0.47704180028168064,0.5554037586213603,0.7496439587670177,0.45576999687652275,0.4700208901773709,0.4678493317937518,0.5229581997183194,0.494507911855279,0.5457999639682499,0.10273749180343159,0.05874547257628214,0.5210886918472828,0.2225050062811865,0.006035362507294501,1,0.01136413295922708,42.0060813440569,93.37748344370861,MERAH,1
Margacinta,206.42587665182847,24.761481154572184,80.93278596877478,4.433156400558644,0.1243305385221872,0.0141990393120559,0.0402466216519412,0.9653684706169834,0.9927106407200224,4705.844949501765,0.8487605250921367,0.4538395201258642,0.2707572855994038,0.8633053133885544,0.7798878561436594,0.1509765895899021,3.0,3.0,7.0,103768517.34614947,0.531042656599444,0.023851884542781577,0.5233196492193695,0.4285714285102041,0.37669640471794974,0.2707572855994038,0.13669468661144557,0.7798878561436594,0.8490234104100979,0.5090908096911516,0.4909091903088484,0.13568742062455064,0.6000175286397191,0.03463152938301661,0.007289359279977647,0.15123947490786327,0.5461604798741357,0.0044310736177449695,0.2113509809038583,0.5134518073221899,0.49398123080372336,0.8487605250921367,0.6593926902456673,0.1509765895899021,0.1346912993279335,2.082189361890134e-05,0.5530432683092353,0.27034893602875115,2.804527905997829e-06,0,4.981016671098042e-06,36.8262517918578,1.3245033112582782,HIJAU,0
Margahayu Utara,68.04470652580258,22.80641256386319,73.4902035775682,4.745145968668407,-1.308863716563041,0.0287231189988423,0.0181272629312971,0.6616589667678731,0.8318312305127403,12160.578817742864,0.641762354437619,0.8061870945682565,0.3524481238715655,0.7617109797365096,0.5237044636829049,0.095042201228158,3.0,2.0,6.0,1450947636.440376,0.21267704757650863,0.21935874361368093,0.3372550894392049,0.4285714285102041,0.29946557728489964,0.3524481238715655,0.23828902026349041,0.5237044636829049,0.904957798771842,0.5048498516474507,0.49515014835254934,0.274480959140371,0.27025064610645816,0.33834103323212694,0.16816876948725967,0.358237645562381,0.19381290543174345,0.16828668336243816,0.2530826631889683,0.4890432431808158,0.587830039920644,0.641762354437619,0.40397657996592923,0.095042201228158,0.06113918732664939,0.01562847654105748,0.38026037854390204,0.10736997591781819,0.0009555123548738588,0,0.002448397037995414,28.49778243319011,62.251655629139066,KUNING,0
Margasari,272.2603040058241,23.25460096035881,81.07252359151445,3.986501997579559,0.8061684141857842,0.0265718683839105,0.0037874127201962,0.8724065075832788,0.922296476790504,6891.819073365069,0.5495248165482692,0.7844222764718899,0.2884957018176471,0.8334845442188343,0.4945780669988247,0.4650943981648647,4.0,0.0,7.0,77883511.7563737,0.6912924161445656,0.1745399039641189,0.5268130897878613,0.5714285713469388,0.49101849531087116,0.2884957018176471,0.16651545578116567,0.4945780669988247,0.5349056018351352,0.37112370660819316,0.6288762933918068,0.25392339600937563,0.05646471497567674,0.12759349241672124,0.07770352320949603,0.45047518345173077,0.2155777235281101,0.05247894887157407,0.1763167117803835,0.45788028649992957,0.3030311050865376,0.5495248165482692,0.575642046668328,0.4650943981648647,0.09591818404373999,0.0017002640424759422,0.530087087127154,0.25655500382970475,0.00016308623934916077,1,0.0003019628560583693,30.70206779871584,16.55629139072848,HIJAU,0
Margasuka,93.30810510820643,21.47030555062827,71.42223683546855,6.0848543924423195,-1.0472142618051796,0.0164153248884198,0.0236538355449589,0.9046232570043106,0.9528944166809236,5863.929610455161,0.6742518626492837,0.6687975245850907,0.6577252418827445,0.7505215947733734,0.878169791749164,0.2657668509193646,2.0,0.0,4.0,3728889.975581222,0.2597603977106149,0.35296944493717286,0.28555592088671383,0.2857142856734694,0.29600001230199274,0.6577252418827445,0.24947840522662657,0.878169791749164,0.7342331490806354,0.6299016469847927,0.3700983530152073,0.15686646426371298,0.352643659616385,0.09537674299568943,0.04710558331907644,0.3257481373507163,0.3312024754149093,0.029885861355361084,0.19126127490226436,0.2751931117615665,0.40181044271880173,0.6742518626492837,0.3761601871420208,0.2657668509193646,0.02872312704340051,0.00044713469806312685,0.4387263002368897,0.1636235023393411,1.284310673797972e-05,1,2.8621248032931527e-05,39.48344608961531,3.3112582781456954,HIJAU,0
Mekarjaya,89.32796787826334,26.335723894109552,78.04194959774547,1.3413180221654384,-1.0884359815464588,0.0357456244487128,0.0093163323915072,0.881643788258716,0.7558874439842538,16541.068666676645,0.8665467582095184,0.5794648903080359,0.0468492653975621,0.4625495144459717,0.7354356961270561,0.3965694792557498,5.0,1.0,5.0,35887676.43722807,0.2519129076613513,0.13357238941095523,0.4510487399436368,0.7142857141836735,0.3877049377999042,0.0468492653975621,0.5374504855540283,0.7354356961270561,0.6034305207442502,0.4807914919557241,0.5192085080442759,0.34158871409994307,0.13889271963945565,0.11835621174128397,0.24411255601574622,0.13345324179048157,0.42053510969196406,0.2645701789054973,0.237358390269196,0.2939550659921095,0.7997255646330205,0.8665467582095184,0.5434798986662737,0.3965694792557498,0.05922053808263388,0.01069634643636962,0.6021987120438473,0.12111758271740566,0.0006334433914800722,1,0.001034702260913452,37.424496448939585,37.74834437086093,HIJAU,0
Mekarwangi,122.5321388864836,25.67663441296915,64.37294048515876,3.555691213424545,-0.7445450671213991,0.0328649947902837,0.0216168910887222,0.7164044203455467,0.9513620191777186,16541.068666676645,0.7724488342303221,0.7238042315029846,0.0359301954657492,0.8227700729391229,0.771250371927454,0.399331132113665,3.0,2.0,9.0,35955177.58865482,0.32201106332303797,0.06766344129691504,0.10932351212896911,0.4285714285102041,0.23189236131478155,0.0359301954657492,0.17722992706087715,0.771250371927454,0.600668867886335,0.39626984058510384,0.6037301594148962,0.3140611328645735,0.3222758342327463,0.28359557965445326,0.048637980822281435,0.22755116576967793,0.27619576849701544,0.2645701789054973,0.24812680582089214,0.2819300371479606,0.3776046135696286,0.7724488342303221,0.4304722970797249,0.399331132113665,0.03428068041951766,0.02356429989512084,0.534084087807904,0.12760327272966004,0.000807800234014311,0,0.0014846974063676634,0.6065269383328573,49.00662251655629,KUNING,0
Mengger,161.92153236269465,24.345796581171793,94.73909820548369,4.433156400558644,-0.3365946762554676,0.0568209583499228,0.0302727684723845,0.6799604982164176,0.9895579936324338,15226.5888698345,0.6159958458978361,0.8252882494115141,0.2715065310069767,0.8217267190699906,0.6666689302620546,0.1049887134140865,0.0,5.0,5.0,14332013.845324432,0.4166369073370215,0.06542034188282067,0.8684774551370922,0.0,0.33763367608923356,0.2715065310069767,0.17827328093000938,0.6666689302620546,0.8950112865859134,0.5028650071962386,0.4971349928037614,0.5429866842730589,0.45132214775613216,0.3200395017835824,0.010442006367566203,0.38400415410216393,0.17471175058848587,0.23567781434688578,0.3027405798882679,0.4998327416432795,0.4413207323226549,0.6159958458978361,0.14931129199398405,0.1049887134140865,0.09190449865078475,0.040955427829946024,0.2900986171019689,0.20951212140624992,0.0037639880617395863,1,0.01254250385452673,40.34969571708005,94.03973509933775,MERAH,1
Merdeka,250.59654840681793,24.964507394322005,77.83278724828682,1.480378752524647,0.5817999539408693,0.0956169278636929,0.0658599113760286,0.80519771966921,0.9860748823026751,28959.05219984027,0.777536709650859,0.8025632129891291,0.1738466427539339,0.8637786243202628,0.4450084654164076,0.2657668509193646,1.0,1.0,2.0,77883511.7563737,0.6414814704641613,0.0035492605677994505,0.4458196812071705,0.1428571428367347,0.3084268887689665,0.1738466427539339,0.13622137567973724,0.4450084654164076,0.7342331490806354,0.3723274082326785,0.6276725917673215,0.9137247967792046,0.9818737483614254,0.19480228033078995,0.013925117697324851,0.22246329034914103,0.19743678701087086,0.5375183886725314,0.43739205845732687,0.3931038325499915,0.5365974674109458,0.777536709650859,0.2866561882858176,0.2657668509193646,0.13531315261313126,0.09567594788312629,0.4433199162853471,0.2388411333272087,0.01294621413731546,1,0.028558670537577543,32.1790699512257,99.33774834437085,MERAH,1
Neglasari,213.92633262804583,32.20546298130944,82.15477211392938,2.670097442093631,0.2020117028442158,0.0422799194293003,0.0312486445130478,0.7031744911719773,0.9082762705535548,25001.93227206312,0.8541832817963508,0.5309801083578637,0.4200664284346133,0.4614184203432863,0.6579353961351839,0.1276266792874281,0.0,1.0,5.0,49914646.62502274,0.5503318770248494,0.7205462981309438,0.5538693028482345,0.0,0.45618686950100695,0.4200664284346133,0.5385815796567137,0.6579353961351839,0.8723733207125719,0.6222391812347707,0.37776081876522927,0.40403108164540563,0.4658710143725992,0.2968255088280227,0.09172372944644525,0.14581671820364916,0.4690198916421363,0.45054059576149,0.33197550569996404,0.5103600634792981,0.5807407981785385,0.8541832817963508,0.3520491039684289,0.1276266792874281,0.16311116484898144,0.054031861008959986,0.4446196883507359,0.34243805656733683,0.008813199788129725,3,0.01938587354212958,81.29478942557353,98.01324503311258,MERAH,1
Nyengseret,295.23526989727145,25.641781021386333,90.26191130402064,3.608918603796987,1.0441168944335937,0.0349445614298482,0.0244259696856257,0.7392772939136882,0.9956856645277752,18440.545084588382,0.5039592429543992,0.8518908130817934,0.2775424411487115,0.4618200739193631,0.7797432979766736,0.2705274879613276,3.0,1.0,3.0,77883511.7563737,0.7396435821821382,0.06417810213863326,0.756547782600516,0.4285714285102041,0.4972352238578729,0.2775424411487115,0.5381799260806369,0.7797432979766736,0.7294725120386725,0.5812345443111737,0.4187654556888263,0.33393367685420733,0.3641550362200633,0.26072270608631176,0.004314335472224817,0.4960407570456008,0.14810918691820663,0.3063208130868928,0.273370930240501,0.3084472401551011,0.4590355562302856,0.5039592429543992,0.402213807087593,0.2705274879613276,0.10472484075943599,0.02666954341620539,0.39223351266777323,0.42990640044231926,0.0027929636873889737,3,0.006943637462887972,74.65677963986184,84.10596026490066,MERAH,1
Padasuka,190.53305232663868,23.72937280627648,68.5339318986738,1.2044659713135408,-0.0402692007284416,0.0363071103990767,0.0277840165533008,0.6349003847815057,0.9445206978920924,10523.61997991379,0.7951206705333466,0.7989965230376918,0.3203225821877145,0.6210209941149395,0.6710914528383296,0.1012456957850677,3.0,2.0,6.0,63236652.56932127,0.4899340600323016,0.127062719372352,0.21334829746684497,0.4285714285102041,0.31472912634542566,0.3203225821877145,0.3789790058850605,0.6710914528383296,0.8987543042149323,0.5672868362815092,0.4327131637184908,0.34695432924104025,0.4142185421715393,0.3650996152184943,0.055479302107907635,0.20487932946665344,0.20100347696230825,0.13230620528767448,0.24570582863651683,0.3938261475222491,0.5985417845977168,0.7951206705333466,0.5019429967572369,0.1012456957850677,0.1154879450661712,0.01675960966713424,0.46610312102521706,0.2779331429022794,0.0019355328805684708,1,0.0040653648234873765,39.56505693695754,74.83443708609272,MERAH,1
Pajajaran,187.5942690634131,27.672033632290702,83.7403380463677,1.429721591724144,-0.0707057643588819,0.064100583039573,0.0250483608436138,0.8328355163501542,0.9361550438783056,17751.332846699206,0.4508873804189597,0.4444227801707721,0.5111639862554722,0.5473355755956164,0.9149119934904892,0.1731126893462402,4.0,0.0,10.0,45101082.19574553,0.4823309193907667,0.26720336322907023,0.5935084511591924,0.5714285713469388,0.4786178262814921,0.5111639862554722,0.4526644244043836,0.9149119934904892,0.8268873106537598,0.6764069287010261,0.32359307129897386,0.6125514960568226,0.37343396670254814,0.16716448364984582,0.06384495612169439,0.5491126195810403,0.5555772198292279,0.29117187638722747,0.37326523118977234,0.31718383305776315,0.5184968049751673,0.4508873804189597,0.19112250555382104,0.1731126893462402,0.07932356614980533,0.02981508427468132,0.27170752510634033,0.32625197580265075,0.0023650388097247047,3,0.008395369661608927,97.44584214731334,88.0794701986755,MERAH,1
Pakemitan,621.1801001569385,24.761481154572184,72.01210770754757,7.243572753353118,4.419881514558217,0.001303049401362,0.0219378950891861,0.7167874337732165,0.9924653426824476,9028.53145114027,0.8299901979095751,0.6775199767163799,0.4123610876195105,0.795842779520613,0.8352637373051688,0.2984989197790841,3.0,1.0,6.0,1920571668.4224453,0.9881074761028336,0.023851884542781577,0.30030269268868925,0.4285714285102041,0.43520837046112715,0.4123610876195105,0.204157220479387,0.8352637373051688,0.7015010802209158,0.5383207814062456,0.4616792185937544,0.012452068645732511,0.3270615285130642,0.2832125662267835,0.007534657317552429,0.17000980209042493,0.32248002328362013,0.09944404725033025,0.1745992419039297,0.7132806920781511,0.3453978643202784,0.8299901979095751,0.20881809184070277,0.2984989197790841,0.24343571858976518,0.00035069761846348596,0.4457690698431207,0.5319187886490305,8.5372326758378e-05,2,0.00018731487590363213,46.498172303991,11.920529801324504,HIJAU,0
Palasari,165.2022550914082,23.08466106876244,78.9623650536952,1.0,2.8074323770352194,0.0590929028470405,0.0321661444284634,0.9289420392319206,0.9021762726860848,5527.643928380496,0.5692833736899648,0.603714318619915,0.6678969467219104,0.412723627177861,0.5798218741932682,0.2657668509193646,2.0,0.0,7.0,529400155.10304135,0.9430761368191586,0.19153389312375602,0.47405912634237984,0.2857142856734694,0.473595860489691,0.6678969467219104,0.5872763728221391,0.5798218741932682,0.7342331490806354,0.6423070857044884,0.35769291429551164,0.5646976100505724,0.479549579409331,0.07105796076807935,0.0978237273139152,0.43071662631003516,0.396285681380085,0.022494276832202856,0.29466078029488874,0.720811266167004,0.354250578470252,0.5692833736899648,0.39445548534874075,0.2657668509193646,0.24081242432098718,0.0009026112146454346,0.40983523665269006,0.6057444850377611,0.00021735999481807802,3,0.0005177268981781291,82.27029470146161,27.81456953642384,HIJAU,0
Pamoyanan,106.5749126602965,22.0243690023463,90.01885641676823,1.4355572524796056,-0.9098118077743276,0.042309705295935,0.0074013588155011,0.9587064384625974,0.9807969948051508,18285.202449312063,0.9015339945813108,0.6646759382564924,0.4087543521031224,0.1931627811668564,0.5962504820575795,0.0626644426237642,3.0,0.0,5.0,77883511.7563737,0.28703834874162065,0.2975630997653699,0.7504714104192057,0.4285714285102041,0.44091107185910006,0.4087543521031224,0.8068372188331436,0.5962504820575795,0.9373355573762359,0.6872944025925204,0.3127055974074796,0.404315718325811,0.11034329945650409,0.0412935615374026,0.019203005194849188,0.09846600541868922,0.3353240617435076,0.30290637030832657,0.18740743171215574,0.1180699284741502,0.5512841748009069,0.9015339945813108,0.6433104992621047,0.0626644426237642,0.018683349968940832,0.005057214499302957,0.5358363121557265,0.1972798504195157,9.448570835847902e-05,2,0.00017310264314463996,71.27028444542918,9.933774834437086,HIJAU,0
Pasir Biru,69.45050859463853,24.3809492878764,65.72708663411503,2.351110674347211,-1.2943040228777822,0.0719813757928894,0.008050473150747,0.6431809653232161,0.7956480823508688,20233.31724218971,0.8277392489760442,0.6527689324604682,0.4035932605761924,0.5250695658800263,0.3692156203698579,0.1500285095694944,2.0,1.0,2.0,328456864.59994817,0.21512520126896503,0.061905071212359886,0.14317716585287563,0.2857142856734694,0.17648043100191751,0.4035932605761924,0.4749304341199737,0.3692156203698579,0.8499714904305056,0.5244277013741324,0.4755722986258676,0.6878611291716649,0.12002063293823431,0.3568190346767839,0.2043519176491312,0.17226075102395577,0.3472310675395318,0.3457260796207583,0.3191815160885801,0.2459976778456504,0.415230102554147,0.8277392489760442,0.4948786931031357,0.1500285095694944,0.021974101578857697,0.0848556811091293,0.49088215054955814,0.11281761480913093,0.0018646273562351635,2,0.003722686772106634,19.106914927579837,73.50993377483444,MERAH,1
Pasir Impun,210.29101068897,22.842009978155858,85.6411385640099,6.274259057422108,0.1643611864211801,0.0846427871280833,0.02525785258939,0.8748841060734115,0.9471868775949288,15627.071010278194,0.7941180817551929,0.709851283661794,0.3320007548931362,0.4101683186576438,0.9161225893477268,0.1781144000076335,3.0,1.0,4.0,369245508.9521941,0.5409980426584335,0.21579900218441422,0.6410284641002477,0.4285714285102041,0.4565992343633249,0.3320007548931362,0.5898316813423562,0.9161225893477268,0.8218855999923664,0.6649601563938964,0.3350398436061036,0.8088548251381392,0.37655717840111297,0.1251158939265885,0.05281312240507119,0.20588191824480706,0.29014871633820605,0.2444804418415872,0.3005502994707875,0.1999069942288223,0.612670132914329,0.7941180817551929,0.2554143066826239,0.1781144000076335,0.06625984146663945,0.02474156605896744,0.4092155961484834,0.3597421430549438,0.00163937224470357,3,0.003910570741559231,83.67398099907966,74.17218543046357,MERAH,1
Pasir Jati,320.99046134665105,24.761481154572184,94.4859833990559,14.204856569134384,1.310859778528695,0.0197936029456691,0.0216168910887222,0.938827812615089,0.989137463393727,13370.790464568796,0.5395520150180745,0.8262617059847903,0.3399068359357703,0.4624121292001012,0.9063599986577764,0.3059892290422423,2.0,0.0,2.0,776784300.9656397,0.7876569923716651,0.023851884542781577,0.8621495849763974,0.2857142856734694,0.4898431868910783,0.3399068359357703,0.5375878707998988,0.9063599986577764,0.6940107709577577,0.6194663690878008,0.38053363091219916,0.1891496226990497,0.3222758342327463,0.061172187384911036,0.01086253660627301,0.4604479849819255,0.17373829401520968,0.19488722616056495,0.2017905265829543,0.09549385097710748,0.3780400019679159,0.5395520150180745,0.16029113288574956,0.3059892290422423,0.028434807796330598,0.0022549808800573427,0.33527745898202216,0.487927017151093,6.411994790883096e-05,2,0.00018570557168103333,70.72707971537531,10.596026490066226,HIJAU,0
Pasir Kaliki,140.92983930303572,24.761481154572184,61.6861425779192,12.688400888254945,-0.5540026796002623,0.0313771045866866,0.014005141357793,0.8243088636455979,0.9579165810602718,39813.81773654054,0.5436637576037315,0.7132794058682357,0.5834896095027,0.552490885434935,0.3248776695741006,0.2440806980937246,5.0,2.0,2.0,17235817.114808187,0.3649362562946028,0.023851884542781577,0.04215356444797998,0.7142857141836735,0.2863068548672595,0.5834896095027,0.44750911456506504,0.3248776695741006,0.7559193019062754,0.5279489238870353,0.4720510761129647,0.2998427072752301,0.2087959177897249,0.17569113635440214,0.04208341893972822,0.45633624239626847,0.2867205941317643,0.7761069495907172,0.32079670949683364,0.5776141167037708,0.680819190335309,0.5436637576037315,0.34216297335573176,0.2440806980937246,0.14351146570851925,0.04088508590475452,0.376635809684396,0.19266770379809886,0.0058674786038100425,2,0.01517572469192536,37.97651519957622,95.36423841059603,MERAH,1
Pasir Wangi,101.05460165304076,23.619911026606033,78.48430149673807,21.220448385766247,-0.9669848900273348,0.0293492761230619,0.0319859701205085,0.941989288740042,0.9834500970418002,16541.068666676645,0.6094147714871561,0.7586742908419575,0.27056198598710757,0.6912034572720748,0.6519610813939607,0.3957960307180189,2.0,0.0,7.0,160922801.6712004,0.27548188532261714,0.1380088973393967,0.46210753741845173,0.2857142856734694,0.29032815143848373,0.27056198598710757,0.3087965427279252,0.6519610813939607,0.6042039692819812,0.4588808948477437,0.5411191051522564,0.28046457839966177,0.47686344729323943,0.05801071125995805,0.016549902958199803,0.39058522851284394,0.24132570915804252,0.2645701789054973,0.2469099652124918,0.5562390738123587,0.640188292437628,0.6094147714871561,0.4313147511956367,0.3957960307180189,0.09809847755972795,0.004304543496612667,0.4788418511336039,0.12641337405118605,0.00042226916360733056,0,0.0008638154908956874,19.36038457863318,33.11258278145696,HIJAU,0
Pasirbiru,178.88498586805616,18.017465319861856,88.22141457518808,9.153130808162812,-0.1609065816386332,0.017474753833336,0.0198152747311393,0.7359255761894054,0.7573361430673485,34836.59431276424,0.4192039089993765,0.6463353590638355,0.2144326153952465,0.5940318308276978,0.8293320203168202,0.2219057172530232,4.0,0.0,4.0,1344947846.3928237,0.4598599225631139,0.6982534680138144,0.705535364379702,0.5714285713469388,0.6087693315758923,0.2144326153952465,0.40596816917230216,0.8293320203168202,0.7780942827469768,0.5569567719078364,0.44304322809216357,0.16699047179065982,0.2954164023086846,0.26407442381059465,0.24266385693265147,0.5807960910006236,0.35366464093616445,0.6667072053003341,0.36718758458281614,0.5284156815512133,0.28169775406669706,0.4192039089993765,0.6359509305913212,0.2219057172530232,0.06845176390678463,0.02940039608244377,0.4256868522812403,0.2561220980005396,0.002012508971401397,3,0.004619163880810206,100.0,76.82119205298014,MERAH,1
Pasirendah,180.05302442178495,25.46494483048637,85.800957867342,9.995934999648206,-0.148809371133782,0.0164063392015176,0.0441603931544096,0.9238237589864976,0.8933091047189098,9152.77611178587,0.7291198362798396,0.6646759382564924,0.4198229253993504,0.6990249564270312,0.6618950121494137,0.2673323427656619,4.0,1.0,8.0,448856782.86647326,0.4628661569661052,0.046494483048637035,0.6450239466835501,0.5714285713469388,0.4314532895113078,0.4198229253993504,0.3009750435729688,0.6618950121494137,0.732667657234338,0.5288401595890178,0.47115984041098224,0.1567805961530962,0.6583660659375916,0.0761762410135024,0.10669089528109021,0.27088016372016044,0.3353240617435076,0.10217495421326528,0.2437704254374591,0.4218811673471082,0.23493963735148907,0.7291198362798396,0.19979089532173552,0.2673323427656619,0.04587772365029808,0.0012202710313922917,0.3987476914557457,0.24478221231831043,5.5983257156679776e-05,2,0.00013696287056031234,52.47027799972799,8.609271523178808,HIJAU,0
Pasirluyu,143.61485857253717,26.817191158014808,84.50807708800511,9.379659472100338,-0.5261943138497918,0.0509807748326601,0.0174353953461047,0.729309958962761,0.8050956397965124,19427.460795117036,0.590830775663059,0.6777873830117345,0.396148132078496,0.40397805940318,0.2059678751106862,0.2657668509193646,5.0,0.0,4.0,73904618.82882673,0.37140494044259936,0.18171911580148076,0.6127019272001277,0.7142857141836735,0.4700279244069703,0.396148132078496,0.59602194059682,0.2059678751106862,0.7342331490806354,0.4830927742166594,0.5169072257833406,0.48717731435614064,0.25993592498021795,0.27069004103723904,0.19490436020348756,0.40916922433694103,0.32221261698826553,0.32801329445154875,0.32458611090769146,0.4364101126608018,0.592406420255492,0.590830775663059,0.5687994676809648,0.2657668509193646,0.09602011874063876,0.043256440679807245,0.4751323647544628,0.1794230430361885,0.004153488570372488,2,0.008561557364812527,61.510617940332764,88.74172185430463,MERAH,1
Pasteur,165.2022550914082,24.92818748826041,73.94445459703095,3.789319878419776,0.0317751328298531,0.0319856985985425,0.0520732456790761,0.7774333996419469,0.9183384820817616,10020.59629287834,0.581327201695886,0.3372532942296657,0.3162967511292953,0.5418466247504607,0.4520297197719938,0.3490762416445277,2.0,0.0,3.0,63726038.00052819,0.5079431148988782,0.007181251173959069,0.3486113649257739,0.2857142856734694,0.2873625041680201,0.3162967511292953,0.45815337524953925,0.4520297197719938,0.6509237583554723,0.4693509011265752,0.5306490988734248,0.30565849169989606,0.7763349791398243,0.2225666003580531,0.08166151791823839,0.41867279830411397,0.6627467057703342,0.121249706905303,0.3698415428708233,0.6342127593530029,0.4362693006438729,0.581327201695886,0.3255062378041889,0.3490762416445277,0.1405415395473785,0.008248541339348207,0.41863656038153424,0.238403558698828,0.0011592626988521926,1,0.0027045352776728137,34.72932607912571,64.23841059602648,KUNING,0
Pelindung Hewan,396.3595793498177,23.556136268421135,71.8612194968956,18.166011594847323,-0.18604438353349984,0.0522560743124077,0.0670757431756753,0.6619026188342185,0.9498124917704307,11210.926284613968,0.8556121670977873,0.8966014651820643,0.5502437465751491,0.5771256493658922,0.7157274213694736,0.2063882036321855,0.0,0.0,5.0,3990795068.8801026,0.45362259688262707,0.14438637315788655,0.29653048742239,0.0,0.22363486436572588,0.5502437465751491,0.42287435063410783,0.7157274213694736,0.7936117963678145,0.6206143287366362,0.37938567126336376,0.4993642020129598,1.0,0.3380973811657815,0.0501875082295693,0.1443878329022127,0.1033985348179357,0.14741324943284545,0.32612124408018633,0.37563399661381597,0.7141498718560279,0.8556121670977873,0.6620525694105853,0.2063882036321855,0.12168833085637451,0.02488832859816589,0.5746843133801861,0.2815246834640813,0.0030286191649157783,2,0.005179922046149447,42.105816075829935,80.13245033112582,MERAH,1
Pungkur,204.58450873800857,22.858635363296575,88.44383045723464,1.0,0.1052597508335042,0.0274777431072726,0.0406163955233569,0.6369609137099312,0.9505581885658868,6724.031244056201,0.6198600589320518,0.6448595593391448,0.2841761625924747,0.5940318308276978,0.8106162942632176,0.2253845282758386,4.0,1.0,7.0,54459192.92339081,0.5262906679827445,0.21413646367034253,0.711095761430866,0.5714285713469388,0.505737866107723,0.2841761625924747,0.40596816917230216,0.8106162942632176,0.7746154717241613,0.5688440244380389,0.43115597556196106,0.2625800242446125,0.6055303094738761,0.36303908629006876,0.04944181143411319,0.38013994106794824,0.35514044066085515,0.048790959794422765,0.29495179613798533,0.21116711306967287,0.6221696459539409,0.6198600589320518,0.5569066907402312,0.2253845282758386,0.06914499842867151,0.004651086655515442,0.4673837593160406,0.29937730159948817,0.00032159937948723026,3,0.000673670549555338,76.52236330778922,31.125827814569533,HIJAU,0
Rancabolang,146.88902043410363,28.744312394025265,78.37584475011793,5.24897102422822,-0.4922842813942007,0.0098492018304315,0.0110497585591903,0.7900675997829908,0.965770749172208,9586.24646133232,0.7631925157553293,0.7575666819280172,0.2007926074670787,0.3862110675831435,0.6394833356204453,0.2657668509193646,4.0,0.0,5.0,67903200.40234873,0.3793555971652883,0.3744312394025265,0.4593961187529484,0.5714285713469388,0.44615288166692546,0.2007926074670787,0.6137889324168565,0.6394833356204453,0.7342331490806354,0.547074506146254,0.45292549385374603,0.09411994447026796,0.1647355368132163,0.2099324002170092,0.034229250827792046,0.23680748424467069,0.24243331807198276,0.11170266501911559,0.1562800856662935,0.5185683408795945,0.47785360983224506,0.7631925157553293,0.5545573449168762,0.2657668509193646,0.09400422351724969,0.002207113505198031,0.5278389038638567,0.20753577597301737,0.00020747799127057614,2,0.000385762334743816,47.482267067338995,19.205298013245034,HIJAU,0
Rancanumpang,127.60932562318516,26.231510388340244,87.4355209657703,3.128702504953861,-0.6919613604190444,0.0194636225044927,0.0307622100464676,0.8733524131720881,0.904091359986403,25408.69662286138,0.5422554175467325,0.7731538751375181,0.2072331187010375,0.6773418304819997,0.7772637832045903,0.6137092314734427,4.0,4.0,3.0,717493380.663189,0.3335969009799525,0.12315103883402437,0.6858880241442573,0.5714285713469388,0.4285161338262933,0.2072331187010375,0.3226581695180003,0.7772637832045903,0.3862907685265573,0.4233614599875464,0.5766385400124536,0.18599629704540774,0.4586189968242255,0.12664758682791188,0.095908640013597,0.45774458245326755,0.2268461248624819,0.45948130671113235,0.28732050496257483,0.4318417776342192,0.627961787886843,0.5422554175467325,0.6189352323712793,0.6137092314734427,0.0904648525657361,0.010823533472805737,0.5916332937971515,0.14123207104619362,0.0009791493598576807,2,0.0016274853302713226,41.26221301520489,52.317880794701985,KUNING,0
Regol,266.0588073410172,22.117393005594703,78.48430149673807,4.941034746923033,0.7419403881845802,0.0115718616639883,0.0525287581457709,0.8622644653091959,0.9513322194428376,33117.1170660178,0.8346896409148933,0.5522096148910587,0.27056198598710757,0.5940318308276978,0.6666689302620546,0.210640989021975,2.0,1.0,4.0,77883511.7563737,0.6774200199014021,0.2882606994405297,0.46210753741845173,0.2857142856734694,0.4283756356084632,0.27056198598710757,0.40596816917230216,0.6666689302620546,0.789359010978025,0.5331395240998723,0.4668604759001277,0.11058185180722256,0.7831259954615039,0.13773553469080413,0.048667780557162366,0.16531035908510672,0.4477903851089413,0.6289129664062983,0.33173212473100566,0.14598792579370057,0.673698109744969,0.8346896409148933,0.33988927041969064,0.210640989021975,0.0666254713039416,0.009579005142487856,0.4617399667855196,0.36115938702595957,0.0006382057322411337,3,0.0013528761122148022,62.83595579020157,46.35761589403973,KUNING,0
Sadang Serang,288.7727537387149,25.53007053441732,75.6907308886389,10.945733190467276,0.9771855263623194,0.0566421400614613,0.0176057094738946,0.7123663490662497,0.9783050121398392,20347.46871454284,0.6570849065475562,0.5264056783581488,0.2798311894927176,0.912756633342612,0.6384776097895787,0.0289345793908906,3.0,0.0,5.0,108544909.92417765,0.7265494064355716,0.053007053441731955,0.3922682722159724,0.4285714285102041,0.40009904015087,0.2798311894927176,0.08724336665738797,0.6384776097895787,0.9710654206091094,0.4941543966371984,0.5058456033628016,0.5412778790652842,0.26247505641173763,0.28763365093375026,0.021694987860160775,0.34291509345244375,0.4735943216418512,0.34823513754774366,0.3254037324161388,0.30531597634932617,0.679598796147098,0.6570849065475562,0.7069684911159184,0.0289345793908906,0.1507534582426873,0.05421663542069303,0.46432932568478846,0.35902758356428455,0.008173345283952447,2,0.017231372469228214,52.12891820312281,96.68874172185431,MERAH,1
Samoja,115.12148501846976,22.99252767128502,78.77596771994175,1.0,-0.8212961636787556,0.0090397947175206,0.0119505945519979,0.6202621602117011,0.9916586836116446,14625.50392572858,0.641762354437619,0.5906483503620485,0.1997711588453576,0.5835490081904902,0.4809619344889458,0.1164913607584426,5.0,2.0,6.0,27659099.21660962,0.3054885896098332,0.20074723287149787,0.46939919299854366,0.7142857141836735,0.42248018241588703,0.1997711588453576,0.41645099180950984,0.4809619344889458,0.8835086392415574,0.4951731810963427,0.5048268189036573,0.0863851702385497,0.1781656674410389,0.3797378397882989,0.008341316388355446,0.358237645562381,0.40935164963795145,0.22246592217667355,0.23466931589046416,0.3458280160849361,0.4660466963728675,0.641762354437619,0.4022831906737822,0.1164913607584426,0.04923620831166855,0.007297709361484939,0.3868456352899479,0.15126975670573625,0.0003593115383200861,1,0.0009054188993601046,44.920798079214855,35.76158940397351,HIJAU,0
Sarijadi,165.2022550914082,22.214059404338755,78.48430149673807,7.203190511036478,0.2157408062686648,0.0231307246402434,0.0216168910887222,0.8371786152710442,0.8447020311851625,14171.47067657982,0.8275897939184463,0.4778219078420161,0.4771332841901341,0.6715664399668976,0.6498500753183692,0.5382912936153169,6.0,0.0,5.0,683874394.7384593,0.553726973594093,0.2785940595661245,0.46210753741845173,0.8571428570204082,0.5378928568997693,0.4771332841901341,0.3284335600331024,0.6498500753183692,0.4617087063846831,0.47928140648157225,0.5207185935184278,0.22103948687194167,0.3222758342327463,0.1628213847289558,0.15529796881483748,0.17241020608155366,0.5221780921579839,0.21248623729475197,0.25264417288325297,0.6361774462388449,0.2787633750421963,0.8275897939184463,0.5486321371730059,0.5382912936153169,0.0981995871954845,0.007647370188959692,0.6381710749022563,0.2653910427109613,0.000750968595686896,1,0.0011585962792309754,63.448905996762015,39.735099337748345,KUNING,0
Sekejati,97.96084340975024,24.08375549928545,77.73844201524726,13.568661302784555,-0.9990265076612116,0.0066786888748774,0.0180158023979812,0.9435929322092363,0.8987562560301695,11075.318552885428,0.7697948953047635,0.5135018926976336,0.2090687028367796,0.5835807200371144,0.7434846393302267,0.2657668509193646,3.0,4.0,3.0,103369473.21078788,0.26913286462765207,0.09162445007145514,0.44346105038118144,0.4285714285102041,0.3081974483976232,0.2090687028367796,0.41641927996288564,0.7434846393302267,0.7342331490806354,0.5258014428026319,0.47419855719736814,0.06382220984602546,0.2685889346137658,0.056407067790763654,0.10124374396983049,0.23020510469523647,0.4864981073023664,0.14443258131494827,0.19302824993327666,0.31436971209915887,0.11620433255002018,0.7697948953047635,0.682466538457697,0.2657668509193646,0.009831725664904025,0.000519960718290611,0.5726760948939417,0.14151044852682487,5.112111138759732e-06,1,8.773504153607391e-06,26.050869242735786,1.9867549668874174,HIJAU,0
Sekeloa,246.12465726161292,21.744661264085817,69.97976508289753,6.1620669063585805,-0.18604438353349984,0.0187762666060007,0.0335194722975074,0.6039160444205085,0.980454697675934,9267.410732844302,0.1237103189161465,0.6419110359640238,0.2907880033402039,0.3928367134398292,0.6179540447621612,0.3723524645882027,3.0,0.0,6.0,33892159.84081595,0.45362259688262707,0.3255338735914183,0.24949412707243823,0.4285714285102041,0.36430550651417193,0.2907880033402039,0.6071632865601708,0.6179540447621612,0.6276475354117973,0.5358882175185833,0.4641117824814167,0.17942785626094834,0.4997256938282136,0.3960839555794915,0.01954530232406604,0.8762896810838535,0.35808896403597623,0.10469463178504333,0.3476937264139418,0.2369470773486434,0.6829365033672546,0.1237103189161465,0.1390132398685384,0.3723524645882027,0.07340512175318221,0.007440489920670643,0.21169200779096253,0.24309100486958188,0.0005461700685301536,2,0.002463643475344169,54.650203828320855,62.913907284768214,KUNING,0
Sindang Jaya,235.32576371914996,25.759257683847224,77.49856722181462,3.8746539388696903,0.4236425914537817,0.0452162464070011,0.0207705401690636,0.9094699011382056,0.9209867693689284,23363.79220263981,0.8691071818165435,0.7218149375615389,0.2074405177870788,0.7234889074051677,0.6108320647994766,0.2315270652872101,3.0,1.0,5.0,22774903.272583824,0.6043545606051676,0.0759257683847224,0.4374641805453656,0.4285714285102041,0.3865789845113649,0.2074405177870788,0.2765110925948323,0.6108320647994766,0.7684729347127899,0.4658141524735444,0.5341858475264556,0.43209091195915206,0.30965799536002664,0.09053009886179442,0.07901323063107157,0.13089281818345655,0.2781850624384611,0.41453415412765837,0.24784346736594584,0.5574522944881012,0.49421562399708435,0.8691071818165435,0.6059689005128066,0.2315270652872101,0.16650066870162505,0.016215429083912415,0.5688677158721868,0.28151690744181745,0.0026998797857551967,1,0.004664070411470877,36.339999435609386,78.1456953642384,MERAH,1
Sindangjaya,541.9793022094276,24.898119391146945,83.48841167998751,10.811145225508977,3.599610024490868,0.035932102011543,0.0189823055408825,0.7572655153224459,0.9376860048205234,7235.939849193449,0.7369590052980789,0.7071855938814394,0.1320147770620504,0.6780244028883329,0.7120782175130026,0.5871947805751526,2.0,1.0,4.0,400883380.6708419,0.9733929082515722,0.010188060885305461,0.5872102919996877,0.2857142856734694,0.46412638670250866,0.1320147770620504,0.3219755971116671,0.7120782175130026,0.4128052194248474,0.39471845277789186,0.6052815472221081,0.3433707120892929,0.28299806520468557,0.2427344846775541,0.062313995179476556,0.2630409947019211,0.2928144061185606,0.06004274934329769,0.2210450581878269,0.2612828548739717,0.364025490725634,0.7369590052980789,0.1965343455169173,0.5871947805751526,0.09258292266409665,0.0050044378396812295,0.5068960437967163,0.384216142690033,0.0004633254814884862,1,0.0008963610517992314,35.05929730094829,35.099337748344375,HIJAU,0
Situ Saeur,178.05401876226944,21.274568257620697,95.22545966009244,1.523219469303096,-0.1695127907138544,0.0254094868010963,0.0347103959051905,0.9529228250338656,0.9238971228358276,19979.151175075323,0.1392800332737341,0.7961051229863414,0.5327875402080797,0.7272721029950644,0.8765037023481167,0.3918332039288349,4.0,0.0,5.0,1482939509.416106,0.45772298824249347,0.3725431742379303,0.880636491502311,0.5714285713469388,0.5705828063324184,0.5327875402080797,0.2727278970049356,0.8765037023481167,0.6081667960711651,0.5725464839080743,0.4274535160919257,0.24281556291677853,0.5174806012105142,0.047077174966134394,0.07610287716417241,0.8607199667262659,0.2038948770136586,0.34013949039577435,0.32689007862761404,0.11242800700758732,0.536423251336098,0.1392800332737341,0.1471940119585477,0.3918332039288349,0.027604814352324286,0.003888158576159061,0.2261024163870389,0.26206768752213644,0.00010733189566726841,3,0.00045459888682935356,91.32890168856551,22.516556291390728,HIJAU,0
Situsaeur,190.2880115484136,24.2705271170662,67.43813434383486,11.739790067296708,-0.0428070534962276,0.043002080999027,0.0237841545126941,0.8214537715783816,0.8713708361755779,29760.638649281587,0.9023502226024204,0.651022761311744,0.3598740706896604,0.6471001662514732,0.7706765197271459,0.2887216234993601,5.0,1.0,8.0,11666368.297401495,0.48929987052489543,0.07294728829337985,0.18595335859587153,0.7142857141836735,0.36562155789945505,0.3598740706896604,0.35289983374852685,0.7706765197271459,0.7112783765006399,0.5486822001664933,0.4513177998335067,0.4109321288583106,0.35458652243929684,0.17854622842161838,0.12862916382442213,0.09764977739757963,0.34897723868825603,0.5551373189734303,0.29635119694327344,0.4513216273999606,0.5487581822282269,0.9023502226024204,0.34312531541733515,0.2887216234993601,0.1211831549958866,0.04073063701393081,0.5113990538397052,0.2684701295007799,0.004935867098340372,2,0.009466582384435658,51.12267172015129,90.72847682119205,MERAH,1
Suka Asih,165.2022550914082,23.196799304788367,71.92693870757041,13.589304272289436,1.917198104068254,0.035564105886746,0.0172733045127036,0.7766640503304374,0.9993656649573424,12601.83741383032,0.7268854842745134,0.4032443698872144,0.2918793276226026,0.6157875896478474,0.8457370065058567,0.2657668509193646,5.0,1.0,6.0,474655372.5382184,0.8718256599762297,0.18032006952116325,0.29817346768926034,0.7142857141836735,0.5161512278425817,0.2918793276226026,0.3842124103521526,0.8457370065058567,0.7342331490806354,0.5640154733903119,0.4359845266096881,0.33985410481212736,0.25751939069036933,0.2233359496695626,0.0006343350426576411,0.2731145157254866,0.5967556301127857,0.17798558041160364,0.26702850092351327,0.40639036821376767,0.5408257319591936,0.7268854842745134,0.719121723293148,0.2657668509193646,0.19161539564084623,0.01350939731562561,0.5705913528290086,0.4917231623253143,0.002588608511502987,2,0.004458572279607073,74.40733087638647,76.15894039735099,MERAH,1
Sukabungah,155.93638758631144,24.846361851702365,79.8563994988611,3.109798090049086,-0.3985819762729033,0.0384925201466184,0.0214973910850052,0.8074233332873771,0.9604519582599014,10377.929519681104,0.7734919890456947,0.6044790781426936,0.2096374939492888,0.8024697759250096,0.5092062230394511,0.1111721141574002,3.0,3.0,3.0,168638434.02773833,0.40165308295267893,0.015363814829763456,0.49640998747152737,0.4285714285102041,0.33549957844104344,0.2096374939492888,0.19753022407499043,0.5092062230394511,0.8888278858425998,0.4513004567265825,0.5486995432734175,0.36783832041359155,0.3204942661418193,0.19257666671262286,0.03954804174009863,0.22650801095430528,0.39552092185730636,0.12910391804075974,0.23879859226578626,0.3912959047820643,0.4087870699905651,0.7734919890456947,0.3965504435121524,0.1111721141574002,0.06424710427060845,0.00914534426516099,0.4270715155717491,0.1812662197821839,0.0005875618865944091,0,0.0013443152108089179,24.654967417338135,45.033112582781456,KUNING,0
Sukahaji,262.2329655069238,26.212797588646943,79.95973256886978,2.5093968950283507,0.7023166840889016,0.0485542842690073,0.006853084221316,0.9396676221077972,0.906945898168694,16541.068666676645,0.5822302367175195,0.8176214707094294,0.1227555521955016,0.3929204704843827,0.4945592967601318,0.2284738200736848,1.0,2.0,2.0,1924456641.7463725,0.6687012105693138,0.12127975886469429,0.49899331422174453,0.1428571428367347,0.35795785662312185,0.1227555521955016,0.6070795295156173,0.4945592967601318,0.7715261799263152,0.49898013959939147,0.5010198604006085,0.46398953111841756,0.10216933718300178,0.060332377892202804,0.09305410183130602,0.4177697632824805,0.18237852929057063,0.2645701789054973,0.22632340278621094,0.4661012388831616,0.6027068048964075,0.5822302367175195,0.5998436946777606,0.2284738200736848,0.18785314122954724,0.007406269572071305,0.4701825838229883,0.33366862340015824,0.0013912910039064093,0,0.002897420795293331,34.07810071496533,66.88741721854305,KUNING,0
Sukamaju,134.24690176748166,29.94033833317924,78.48430149673807,4.967128873767341,-0.6232169207743088,0.0287231189988423,0.0532558716540977,0.7651837797317913,0.9733902969808034,12639.232385202677,0.7186380929543784,0.8759390912699687,0.1169097053007395,0.495186299672131,0.8681106933296303,0.2073022908573975,2.0,1.0,2.0,77883511.7563737,0.3490501670370728,0.4940338333179241,0.46210753741845173,0.2857142856734694,0.3977264558617295,0.1169097053007395,0.504813700327869,0.8681106933296303,0.7926977091426025,0.5706329520252104,0.42936704797478964,0.274480959140371,0.7939661811068937,0.2348162202682087,0.02660970301919663,0.2813619070456216,0.12406090873003128,0.17880752468807296,0.27344334342834226,0.4807509729367588,0.3115461422571372,0.7186380929543784,0.4194149818831954,0.2073022908573975,0.05227937656439299,0.011524606532905336,0.4484517885649904,0.19917952722125765,0.0006024992446902216,3,0.0013142041534533373,56.71776960774957,43.70860927152318,KUNING,0
Sukamulya,164.6495898223012,22.004433636070303,90.40921580418018,5.102853152362174,-0.3083405700422467,0.0443998953063322,0.0407380980432977,0.749011313229636,0.9355363329583468,27274.542190178425,0.4120965120124348,0.7913088536610072,0.572435954343304,0.7777681617098762,0.7231756035449487,0.1219856291513422,5.0,2.0,0.0,10980619.771103583,0.4235198384890583,0.2995566363929697,0.7602303951045044,0.7142857141836735,0.5493981460425514,0.572435954343304,0.22223183829012383,0.7231756035449487,0.8780143708486579,0.5989644417567586,0.40103555824324144,0.42428978029528475,0.6073447138200502,0.250988686770364,0.06446366704165318,0.5879034879875652,0.20869114633899277,0.5004927322731696,0.37773917350386854,0.42189032695842077,0.42438766043018417,0.4120965120124348,0.3112058602405916,0.1219856291513422,0.07582913015682195,0.05329843939629157,0.28176266713478954,0.25367332363351136,0.004041574298136881,3,0.013852266768145974,97.98234372145944,94.70198675496688,MERAH,1
Sukapada,134.17523827118336,22.78568488716743,78.6064364655498,1.0,-0.6239591294946174,0.0163940776519406,0.0210234638962267,0.91388625125862,0.9739301680795688,7385.7045366259745,0.4439536066069618,0.8334603748257711,0.27056198598710757,0.6652014919882905,0.5810677836618509,0.3946549544263369,4.0,0.0,4.0,57538496.62928826,0.3488815456145609,0.22143151128325692,0.4651609116387451,0.5714285713469388,0.40172563497087543,0.27056198598710757,0.3347985080117095,0.5810677836618509,0.6053450455736631,0.4479433308085828,0.5520566691914173,0.15666342357554366,0.3134287135837618,0.08611374874138,0.02606983192043122,0.5560463933930382,0.16653962517422893,0.06333458840974981,0.1954566178283048,0.30190549025385505,0.3338795381860048,0.4439536066069618,0.7604816999414515,0.3946549544263369,0.035167282706129815,0.0008544389960794215,0.5330300869915835,0.15627916160023292,3.0048297730266762e-05,1,5.533449886126196e-05,29.888757894858802,5.960264900662252,HIJAU,0
Sukapura,110.46865741658917,23.29956624568241,86.46739589479671,6.835417153589358,-0.8694848426937128,0.0168519216463705,0.0054076608769488,0.779639641077024,0.98240138951751,6479.508121935545,0.6731195636576569,0.4813016984235034,0.27056198598710757,0.3167923963537079,0.6849932605510193,0.0582600079553442,2.0,1.0,7.0,77883511.7563737,0.2953615068268293,0.17004337543175901,0.6616848973699178,0.2857142856734694,0.35320101632549383,0.27056198598710757,0.6832076036462922,0.6849932605510193,0.9417399920446557,0.6451257105572688,0.35487428944273125,0.16103862595982663,0.08062021560887994,0.220360358922976,0.017598610482490007,0.3268804363423431,0.5186983015764965,0.04341632322390095,0.19551612458813045,0.21872464107524428,0.613652125453894,0.6731195636576569,0.5360532758421029,0.0582600079553442,0.03964366981134699,0.001540694631261651,0.422477615818368,0.19054530196292385,6.10787892418519e-05,1,0.00014122994348799724,51.58526063098087,9.271523178807946,HIJAU,0
Sukaraja,165.2022550914082,23.52927290434179,78.48430149673807,1.327106340718607,1.0872069335676204,0.0233966542626503,0.0176658616812148,0.7611279967218254,0.9498124917704307,17942.460404932255,0.641762354437619,0.9556698656132416,0.5795435339820294,0.4469130623860647,0.7393303704933292,0.3128191893968943,2.0,2.0,4.0,3749473.912993426,0.7478554041972367,0.14707270956582086,0.46210753741845173,0.2857142856734694,0.4106874842137447,0.5795435339820294,0.5530869376139353,0.7393303704933292,0.6871808106031057,0.6397854131730999,0.3602145868269001,0.2235807365818017,0.26337183674501935,0.2388720032781746,0.0501875082295693,0.358237645562381,0.04433013438675837,0.2953728744572873,0.21056467703442738,0.11898390087135718,0.3716126274922471,0.641762354437619,0.717950820330976,0.3128191893968943,0.033067114747545465,0.01577503181297962,0.5575107880551631,0.4784669787680647,0.0005216347871059773,2,0.0009191627685063027,61.92335851941759,37.086092715231786,HIJAU,0
Sukarasa,307.5264540906889,24.616417436892,76.29242278630522,17.696639199544197,1.1714149549873338,0.0446165004254194,0.0259132454737386,0.8139179765338233,0.9647796553422556,6910.999111416632,0.6174123977956526,0.8199280739365707,0.4777410693154099,0.2345774533935942,0.6702103546312005,0.3954592844191542,5.0,0.0,5.0,42239607.21198857,0.7634006802557274,0.03835825631079999,0.4073105696576306,0.7142857141836735,0.48083880510195787,0.4777410693154099,0.7654225466064057,0.6702103546312005,0.6045407155808458,0.6294786715334655,0.3705213284665345,0.4263596801847837,0.3863281157522219,0.18608202346617675,0.035220344657744374,0.3825876022043474,0.18007192606342926,0.05290052754700529,0.23565003141081556,0.4753284099902664,0.24891413204177623,0.6174123977956526,0.25926199522042864,0.3954592844191542,0.09032248328609285,0.004197015283953826,0.4240445591450785,0.48054444605511915,0.0003790848428363957,2,0.0008733777093832603,74.70312746254815,34.437086092715234,HIJAU,0
Sukawarna,86.55144740454917,24.761481154572184,66.4153252680214,1.900455484989039,-1.1171920123592467,0.0469067628940683,0.0137799645034625,0.7760544912682011,0.8751475651439308,25977.930041731448,0.6460651956136404,0.6521835952868391,0.4798413981078802,0.3842192567652801,0.2570608129855812,0.099455159938295,1.0,0.0,4.0,46819309.48713546,0.2465325078189579,0.023851884542781577,0.16038313170053514,0.1428571428367347,0.14340616672475234,0.4798413981078802,0.6157807432347199,0.2570608129855812,0.900544840061705,0.5633069485974715,0.43669305140252845,0.4482456543056054,0.20543886435029077,0.22394550873179886,0.12485243485606923,0.3539348043863596,0.3478164047131609,0.4719930999668745,0.31088953875859415,0.3505929975067804,0.5497949841938431,0.6460651956136404,0.19155753259588038,0.099455159938295,0.04752019395131063,0.04737989507134265,0.31235929604927193,0.13887347470957948,0.0022515018031829493,2,0.006984448194224906,18.617502326812424,85.43046357615894,MERAH,1
Tamansari,98.45289151200654,25.44647524914709,75.42891326677605,6.076236018824551,-0.9939304348881812,0.0146498782777696,0.0104293122282301,0.951298788983961,0.8148610603036063,8844.662181863067,0.5813122292299769,0.8830009026185897,0.4799059691988199,0.5940318308276978,0.7957315579513653,0.2101411485392974,1.0,0.0,6.0,732270355.4425521,0.2701364425595864,0.044647524914708824,0.38572283166940124,0.1428571428367347,0.21084098549510777,0.4799059691988199,0.40596816917230216,0.7957315579513653,0.7898588514607026,0.6178661369457975,0.3821338630542025,0.13999568226326534,0.1554856008216729,0.04870121101603897,0.18513893969639372,0.41868777077002306,0.11699909738141034,0.09540258691610158,0.16577298412355798,0.2536503172425979,0.5497233613117636,0.5813122292299769,0.517520710010591,0.2101411485392974,0.03766715155803045,0.0006504509512014679,0.43632469592662176,0.166908160212572,2.4500634559970758e-05,1,5.489419425717549e-05,20.84972130512543,5.298013245033113,HIJAU,0
Turangga,76.51915363007875,25.325561853873,83.45562377035971,4.433156400558644,-1.2210950635460798,0.0246599518708457,0.0090934619546066,0.8017338964110523,0.9116780450144693,25451.96782905155,0.554586198909979,0.8163923651936238,0.1419092668807659,0.833138925132121,0.7538293370950705,0.1974216206671193,0.0,1.0,6.0,21965162.868058767,0.22774379714571688,0.03255618538730012,0.5863905942589926,0.0,0.2116726441980024,0.1419092668807659,0.16686107486787904,0.7538293370950705,0.8025783793328807,0.46629451454414905,0.533705485455851,0.23565293316989458,0.13557005146838685,0.1982661035889477,0.08832195498553075,0.44541380109002104,0.1836076348063762,0.46043241106978494,0.24960927002556316,0.1396794153180155,0.31737853615954237,0.554586198909979,0.4311774141174663,0.1974216206671193,0.010096166834912462,0.021512317980279735,0.3943950778981882,0.10619568333050321,0.0002171919513345913,0,0.000537078622379455,7.9552282559792715,28.47682119205298,HIJAU,0
Ujung Berung,178.1532464740496,21.639717244078735,87.43437747251062,3.4323464136317985,-0.1684851033027776,0.0104200668513834,0.0216047559073726,0.5992425374800694,0.8568475771728928,18675.63486466069,0.7760423967431943,0.8388536705471062,0.0392801631314842,0.6526030167655852,0.2612479750116818,0.3979029709391459,1.0,1.0,9.0,390446791.90005654,0.45797808432341275,0.3360282755921265,0.6858594368127655,0.1428571428367347,0.4056807348912599,0.0392801631314842,0.3473969832344148,0.2612479750116818,0.602097029060854,0.3125055376096087,0.6874944623903914,0.09957518693529695,0.3220949166495029,0.4007574625199306,0.14315242282710716,0.2239576032568057,0.16114632945289376,0.31148810409141825,0.23745314653327934,0.3202346419820923,0.6482808267511524,0.7760423967431943,0.40813626326017827,0.3979029709391459,0.09507715639617885,0.012430088303000844,0.5273605436475062,0.14312068745490678,0.0011818174496027246,1,0.0021993007554681285,15.142114714768374,58.27814569536424,KUNING,0
Warung Muncang,189.33606052281223,22.344510444141388,95.51842346574138,4.433156400558644,-0.0526662759596007,0.0207710164163961,0.0148961029527207,0.8760044769578544,0.9444603840297476,8739.637323472733,0.550425976016208,0.5366789536209888,0.43911412045465,0.7836335161737209,0.5623807975071468,0.2588463673253999,3.0,1.0,7.0,18516270.20021738,0.4868364735490669,0.26554895558586117,0.8879605866435345,0.4285714285102041,0.5172293610721667,0.43911412045465,0.2163664838262791,0.5623807975071468,0.7411536326746001,0.48975375861566894,0.5102462413843311,0.19848988226252814,0.222078835767901,0.12399552304214556,0.055539615970252365,0.449574023983792,0.46332104637901117,0.09309413264877862,0.22944186572205844,0.4704346120812069,0.4965204958506095,0.550425976016208,0.5169063368300466,0.2588463673253999,0.11371547130058776,0.0022912194588526878,0.4420595600572182,0.2384299927518532,0.000260547100616511,1,0.000576355692120598,58.9355231742277,29.13907284768212,HIJAU,0
Wates,187.4972356954079,25.182303949633287,69.95186094800238,1.6318370564944038,-0.0717107252610763,0.0974015082730655,0.0258071264902661,0.8350430783589915,0.9489009497734178,18487.39710449076,0.8587339353691374,0.7333207228956464,0.4850993016333455,0.6189190364787653,0.3246492640437338,0.1655449162754559,2.0,1.0,4.0,43639794.07062073,0.48207999738707735,0.018230394963328678,0.24879652370005942,0.2857142856734694,0.2587053004309837,0.4850993016333455,0.38108096352123466,0.3246492640437338,0.8344550837245441,0.5063211532307146,0.4936788467692854,0.9307784232480937,0.38474603885753045,0.1649569216410085,0.05109905022658223,0.14126606463086255,0.2666792771043536,0.3073506239996043,0.32098234281543364,0.43609606758301894,0.4151172320943469,0.8587339353691374,0.3773583462597439,0.1655449162754559,0.08727142039248498,0.04719010566073096,0.4672123993014457,0.24408730022648487,0.004118347549483437,1,0.008630009520942806,30.14163677069571,89.40397350993378,MERAH,1
